CODE	ENGLISH	CHINESE	JAPAN	SPANISH	SWAHILI	DANISH	THAI	INDONESIA	VIETNAM	PORTOGUESE	KOREA	BURMESE
L_2	Hello	你好	こんにちは	Hola	Habari	Hej	สวัสดี	Halo	Xin chào	Olá	안녕하세요	မင်္ဂလာပါ
L_3	Loading....	載入中....	読み込み中....	Cargando....	Inapakia....	Indlæser...	กำลังโหลด....	Memuat....	Đang tải....	Carregando....	로드 중....	တင်နေသည်....
L_4	Continue	繼續	続く	Continuar	Endelea	Fortsætte	ดำเนินการต่อ	Melanjutkan	Tiếp tục	Continuar	계속하다	ဆက်ရန်
L_5	Don't show next time	下次不再顯示	次回は表示しないでください	No mostrar la próxima vez	Usionyeshe wakati ujao	Vis ikke næste gang	อย่าแสดงครั้งต่อไป	Jangan tampilkan lain kali	Đừng hiển thị lần sau	Não mostre da próxima vez	다음번에는 표시하지 않음	နောက်တစ်ကြိမ် မပြပါနှင့်
L_6	Any 3 Symbol to win.	任 3 個符號即可獲勝。	任意の 3 シンボルで勝利します。	Cualquier 3 símbolos para ganar.	Alama yoyote 3 kushinda.	Ethvert 3 symbol for at vinde.	3 สัญลักษณ์ใด ๆ ที่จะชนะ	3 Simbol apa pun untuk menang.	Bất kỳ 3 biểu tượng nào cũng sẽ giành chiến thắng.	Qualquer 3 símbolos para ganhar.	승리하려면 기호 3개를 선택하세요.	အနိုင်ရရန် သင်္ကေတ ၃ ခု။
L_7	Special wheel,A variety of effects	特殊輪子，多種效果	特殊ホイール、多彩なエフェクト	Rueda especial, una variedad de efectos.	Gurudumu maalum, athari mbalimbali	Specielt hjul, en række effekter	วงล้อพิเศษ เอฟเฟกต์หลากหลาย	Roda khusus, Berbagai efek	Bánh xe đặc biệt, Nhiều hiệu ứng	Roda especial, uma variedade de efeitos	특수 휠, 다양한 효과	အထူးဘီး၊ သက်ရောက်မှုမျိုးစုံ
L_8	Volatility:	揮發性：	ボラティリティ:	Volatilidad:	Tete:	Volatilitet:	ความผันผวน:	Keriangan:	Biến động:	Volatilidade:	휘발성:	မတည်ငြိမ်မှု-
L_9	WIN	贏	勝つ	GANAR	SHINDA	VINDE	ชนะ	MENANG	THẮNG	GANHAR	이기다	အနိုင်ရ
L_10	PLAY	玩	遊ぶ	JUGAR	CHEZA	SPIL	เล่น	BERMAIN	CHƠI	JOGAR	놀다	ကစားပါ။
L_11	Balance:	平衡：	バランス：	Balance:	Salio:	Balance:	สมดุล:	Keseimbangan:	Sự cân bằng:	Equilíbrio:	균형:	လက်ကျန်-
L_12	Bet:	賭注：	ベット：	Apuesta:	Dau:	Vædde:	เดิมพัน:	Bertaruh:	Đặt cược:	Aposta:	내기:	လောင်းကြေး-
L_13	System	系統	システム	Sistema	Mfumo	System	ระบบ	Sistem	Hệ thống	Sistema	체계	စနစ်
L_14	You have been idle for too long,please login again.	您已經閒置太久，請重新登入。	アイドル状態が長すぎます。再度ログインしてください。	Ha estado inactivo durante demasiado tiempo, inicie sesión nuevamente.	Umekuwa bila kufanya kitu kwa muda mrefu sana, tafadhali ingia tena.	Du har været inaktiv for længe, ​​log venligst ind igen.	คุณไม่ได้ใช้งานเป็นเวลานานเกินไป กรุณาเข้าสู่ระบบอีกครั้ง	Anda sudah terlalu lama menganggur, silakan login lagi.	Bạn đã không hoạt động quá lâu, vui lòng đăng nhập lại.	Você ficou inativo por muito tempo, faça login novamente.	너무 오랫동안 접속하지 않으셨습니다. 다시 로그인해 주십시오.	သင် ပျင်းရိနေသည်မှာ ကြာပြီ၊ ကျေးဇူးပြု၍ ထပ်မံဝင်ရောက်ပါ။
L_15	Insufficient balance.	餘額不足。	バランスが不十分です。	Saldo insuficiente.	Usawa usiotosha.	Utilstrækkelig balance.	ยอดคงเหลือไม่เพียงพอ	Saldo tidak mencukupi.	Không đủ cân bằng.	Equilíbrio insuficiente.	잔액이 부족합니다.	လက်ကျန်မလုံလောက်။
L_16	Confirm	確認	確認する	Confirmar	Thibitisha	Bekræfte	ยืนยัน	Mengonfirmasi	Xác nhận	Confirmar	확인하다	အတည်ပြုပါ။
L_17	Server connection interrupted	伺服器連線中斷	サーバー接続が中断されました	Conexión del servidor interrumpida	Muunganisho wa seva umekatizwa	Serverforbindelse afbrudt	การเชื่อมต่อเซิร์ฟเวอร์ถูกขัดจังหวะ	Koneksi server terputus	Kết nối máy chủ bị gián đoạn	Conexão do servidor interrompida	서버 연결이 중단되었습니다	ဆာဗာချိတ်ဆက်မှု ပြတ်တောက်သွားသည်။
L_18	Language	語言	言語	Idioma	Lugha	Sprog	ภาษา	Bahasa	Ngôn ngữ	Linguagem	언어	ဘာသာစကား
L_19	Translate	翻譯	翻訳する	Traducir	Tafsiri	Oversætte	แปล	Menerjemahkan	Dịch	Traduzir	번역하다	ဘာသာပြန်ပါ။
L_20	Showcase	展示櫃	ショーケース	Escaparate	Onyesho	Udstillingsvindue	ตู้โชว์	Memamerkan	trưng bày	Vitrine	유리 진열장	ရှိုးကေ့
L_21	If you see [][][][][] on chinese or  special languages, do the following... /Search  for "TMP Settings"on your browser /Add  NatoSansKR,NatoSansMyanr,NatoSansTC and NatoSansThai to the "FallBack Font Assets" on "TMP Settings.	如果您在中文或特殊語言上看到 [][][][][]，請執行以下操作... /在瀏覽器上搜尋「TMP 設定」 /將 NatoSansKR、NatoSansMyanr、NatoSansTC 和 NatoSansThai 新增至「TMP 設定」上的「後備字體資源」。	中国語または特殊な言語で [][][][][] が表示される場合は、次の操作を行ってください... /ブラウザで「TMP 設定」を検索 /「TMP 設定」の「FallBack Font Assets」に NatoSansKR、NatoSansMyanr、NatoSansTC、および NatoSansThai を追加します。	Si ve [][][][][] en chino o en idiomas especiales, haga lo siguiente... /Busque "Configuración de TMP" en su navegador /Agregue NatoSansKR, NatoSansMyanr, NatoSansTC y NatoSansThai a los "Activos de fuentes alternativas" en "Configuración de TMP.	Ukiona [][][][][][] kwenye Kichina au lugha maalum, fanya yafuatayo... /Tafuta "Mipangilio ya TMP" kwenye kivinjari chako /Ongeza NatoSansKR,NatoSansMyanr,NatoSansTC na NatoSansThai kwenye "FallBack Font Assets" kwenye "TMP Settings.	Hvis du ser [][][][][] på kinesisk eller specialsprog, skal du gøre følgende... /Søg efter "TMP-indstillinger" på din browser /Tilføj NatoSansKR,NatoSansMyanr,NatoSansTC og NatoSansThai til "FallBack Font Assets" på "TMP-indstillinger.	หากคุณเห็น [][][][][] ในภาษาจีนหรือภาษาพิเศษ ให้ทำดังต่อไปนี้... /ค้นหา "การตั้งค่า TMP" บนเบราว์เซอร์ของคุณ /เพิ่ม NatoSansKR,NatoSansMyanr,NatoSansTC และ NatoSansThai ลงใน "FallBack Font Assets" บน "การตั้งค่า TMP	Jika Anda melihat [][][][][] dalam bahasa Mandarin atau bahasa khusus, lakukan hal berikut... /Cari "Pengaturan TMP" di browser Anda /Tambahkan NatoSansKR,NatoSansMyanr,NatoSansTC dan NatoSansThai ke "Aset Font FallBack" di "Pengaturan TMP.	Nếu bạn thấy [[][][][] trên tiếng Trung hoặc các ngôn ngữ đặc biệt, hãy làm như sau... /Tìm kiếm "Cài đặt TMP" trên trình duyệt của bạn /Thêm NatoSansKR,NatoSansMyanr,NatoSansTC và NatoSansThai vào "Tài sản phông chữ dự phòng" trên "Cài đặt TMP.	Se você vir [][][][][] em chinês ou idiomas especiais, faça o seguinte... /Procure por "Configurações TMP" em seu navegador /Adicione NatoSansKR,NatoSansMyanr,NatoSansTC e NatoSansThai aos "Ativos de fonte FallBack" em "Configurações TMP.	중국어 또는 특수 언어로 [][][][][]가 표시되면 다음을 수행하십시오... /브라우저에서 "TMP 설정"을 검색합니다. /NatoSansKR,NatoSansMyanr,NatoSansTC 및 NatoSansThai를 "TMP 설정"의 "FallBack Font Assets"에 추가합니다.	တရုတ် သို့မဟုတ် အထူးဘာသာစကားများတွင် [][][][][] ကို သင်တွေ့ပါက၊ အောက်ပါတို့ကို လုပ်ဆောင်ပါ... /သင်၏ဘရောက်ဆာတွင် "TMP ဆက်တင်များ" ကိုရှာပါ / Add NatoSansKR၊ NatoSansMyanr၊ NatoSansTC နှင့် NatoSansThai တို့ကို "FallBack Font Assets" တွင် "TMP ဆက်တင်များ" တွင် ရှာဖွေပါ။
L_22	Feature Demo Playing	功能演示播放	機能デモの再生	Función de demostración jugando	Kipengele Demo Kucheza	Feature Demo Playing	การเล่นสาธิตคุณสมบัติ	Fitur Pemutaran Demo	Tính năng Demo Chơi	Reprodução de demonstração de recursos	기능 데모 재생	သရုပ်ပြကစားခြင်း လုပ်ဆောင်ချက်
L_23	After the  golden pocker wins, it will turn into wild in the same place	金撲克獲勝後， 它會在同一個地方變成野生的	ゴールデンポッカーが勝った後、 同じ場所で野生化するだろう	Después de que gane la ficha dorada, se volverá salvaje en el mismo lugar	Baada ya pocker ya dhahabu kushinda, itageuka kuwa pori mahali pale pale	Efter den gyldne pocker vinder, det bliver til vildt samme sted	หลังจากที่โกลเด้นป๊อกเกอร์ชนะ มันก็จะกลายเป็นป่าในที่เดียวกัน	Setelah pocker emas menang, itu akan berubah menjadi liar di tempat yang sama	Sau khi người chơi vàng thắng, nó sẽ trở nên hoang dã ở cùng một nơi	Depois que o pocker de ouro vencer, vai virar selvagem no mesmo lugar	골든 포커가 승리한 후, 같은 곳에서 야생으로 변할 거야	ရွှေအိတ်ကပ်အနိုင်ရပြီးနောက်၊ တစ်နေရာတည်းမှာ တောရိုင်းဖြစ်သွားလိမ့်မယ်။
L_24	Getting more combos will lead to a higher multiplier.	獲得更多連擊 將帶來更高的乘數。	より多くのコンボを獲得する より高い倍率につながります。	Obteniendo más combos conducirá a un multiplicador más alto.	Kupata mchanganyiko zaidi itasababisha kuzidisha kwa juu.	Får flere kombinationer vil føre til en højere multiplikator.	รับคอมโบมากขึ้น จะนำไปสู่ตัวคูณที่สูงขึ้น	Mendapatkan lebih banyak kombo akan menghasilkan pengganda yang lebih tinggi.	Nhận thêm combo sẽ dẫn tới hệ số nhân cao hơn.	Obtendo mais combos levará a um multiplicador maior.	더 많은 콤보 얻기 더 높은 승수로 이어질 것입니다.	ပေါင်းစပ်မှုများ ပိုမိုရယူပါ။ ပိုမြင့်တဲ့ မြှောက်ကိန်းကို ဖြစ်ပေါ်စေလိမ့်မယ်။
L_25	Loading....	載入中....	読み込み中....	Cargando....	Inapakia....	Indlæser...	กำลังโหลด....	Memuat....	Đang tải....	Carregando....	로드 중....	တင်နေသည်....
L_26	Continue	繼續	続く	Continuar	Endelea	Fortsætte	ดำเนินการต่อ	Melanjutkan	Tiếp tục	Continuar	계속하다	ဆက်ရန်
L_27	Don't show next time	下次不再顯示	次回は表示しないでください	No mostrar la próxima vez	Usionyeshe wakati ujao	Vis ikke næste gang	อย่าแสดงครั้งต่อไป	Jangan tampilkan lain kali	Đừng hiển thị lần sau	Não mostre da próxima vez	다음번에는 표시하지 않음	နောက်တစ်ကြိမ် မပြပါနှင့်
L_28	Load high quality next time	下次加載高品質	次回は高品質で読み込みます	Cargue alta calidad la próxima vez	Pakia ubora wa juu wakati ujao	Indlæs høj kvalitet næste gang	โหลดคุณภาพสูงในครั้งต่อไป	Muat kualitas tinggi lain kali	Tải chất lượng cao vào lần sau	Carregue alta qualidade na próxima vez	다음번에는 고화질 로드	နောက်တစ်ကြိမ် အရည်အသွေးမြင့်တင်ပါ။
L_29	FREE SPIN	免費旋轉	フリースピン	GIRO GRATIS	SPIN BURE	GRATIS SPIN	หมุนฟรี	PUTAR GRATIS	VÒNG QUAY MIỄN PHÍ	GIRO GRÁTIS	무료 스핀	အခမဲ့လှည့်ပါ။
L_30	c	c	c	do	c	c	ค	C	c	c	기음	ဂ
L_31	o	哦	ああ	oh	o	o	โอ	Hai	ồ	ó	영형	o
L_32	m	米	メートル	metro	m	m	ม	M	tôi	eu	중	ဍ
L_33	b	乙	b	b	b	b	ข	B	b	b	비	ခ
L_34	o	哦	ああ	oh	o	o	โอ	Hai	ồ	ó	영형	o
L_35	Feature Demo Playing	功能演示播放	機能デモの再生	Función de demostración jugando	Kipengele Demo Kucheza	Feature Demo Playing	การเล่นสาธิตคุณสมบัติ	Fitur Pemutaran Demo	Tính năng Demo Chơi	Reprodução de demonstração de recursos	기능 데모 재생	သရုပ်ပြကစားခြင်း လုပ်ဆောင်ချက်
L_36	jili	吉利	吉里	jili	jili	jili	จิลี่	jili	cát li	jili	질리	ဂျလီ
L_37	Demo win	演示獲勝	デモでの勝利	Victoria de demostración	Ushindi wa demo	Demo vinder	ชนะการสาธิต	Demo menang	Demo chiến thắng	Vitória na demonstração	데모 승리	ဒီမိုအနိုင်ရ
L_38	V_175_0043	V_175_0043	V_175_0043	V_175_0043	V_175_0043	V_175_0043	V_175_0043	V_175_0043	V_175_0043	V_175_0043	V_175_0043	V_175_0043
L_39	Golden Card	金卡	ゴールデンカード	Tarjeta Dorada	Kadi ya Dhahabu	Gyldent kort	บัตรทอง	Kartu Emas	Thẻ Vàng	Cartão Dourado	골든 카드	ရွှေကတ်
L_40	1.“Golden Card” will only appear      at reels 2, 3, and 4. 2."Golden Symbol" will flip and      transform to "Joker Symbol" after      elimination. 3."Golden Symbol" substitutes for     the "Normal symbol" pays and     eliminates.	1.「金卡」只會出現     在捲軸 2、3 和 4 處。 2.“金色符號”會翻轉並     之後變身為“小丑符號”     消除。 3.“黃金符號”替代    “正常符號”支付並且    消除。	1.「ゴールデンカード」のみ登場      リール2、3、4で。 2.「金色のシンボル」が反転し、      後は「ジョーカーシンボル」に変身      排除。 3.「ゴールデンシンボル」の代替品     「通常のシンボル」は支払いを行い、     を排除します。	1.La “Tarjeta Dorada” solo aparecerá      en los carretes 2, 3 y 4. 2. El "Símbolo Dorado" se volteará y      transformarse en "Símbolo Joker" después      eliminación. 3. El "Símbolo Dorado" sustituye a     el "símbolo normal" paga y     elimina.	1. "Golden Card" itaonekana tu      kwenye reli 2, 3, na 4. 2."Alama ya Dhahabu" itapinduka na      badilisha kuwa "Alama ya Joker" baada ya      kuondoa. 3 "Alama ya Dhahabu" mbadala za     "Alama ya kawaida" hulipa na     hupunguza.	1. "Golden Card" vises kun      på hjul 2, 3 og 4. 2."Golden Symbol" vil vende og      transformer til "Joker Symbol" efter      eliminering. 3 "Gyldent Symbol" erstatter     "Normal symbol" betaler og     eliminerer.	1. “บัตรทอง” จะปรากฏขึ้นเท่านั้น      ที่วงล้อที่ 2, 3 และ 4 2."สัญลักษณ์ทอง" จะพลิกและ      แปลงร่างเป็น "สัญลักษณ์โจ๊กเกอร์" หลังจากนั้น      การกำจัด 3. "สัญลักษณ์ทองคำ" ทดแทน     “สัญลักษณ์ปกติ” จ่ายและ     กำจัด	1. “Kartu Emas” hanya akan muncul      di gulungan 2, 3, dan 4. 2."Simbol Emas" akan terbalik dan      ubah menjadi "Simbol Joker" setelahnya      eliminasi. 3."Simbol Emas" pengganti     "Simbol normal" membayar dan     menghilangkan.	1.“Thẻ vàng” sẽ chỉ xuất hiện      ở các cuộn 2, 3 và 4. 2."Biểu tượng vàng" sẽ lật và      chuyển đổi thành "Biểu tượng Joker" sau      sự loại bỏ. 3. "Biểu tượng vàng" thay thế cho     "Biểu tượng bình thường" trả tiền và     loại bỏ.	1. “Cartão Dourado” só aparecerá      nos rolos 2, 3 e 4. 2."Símbolo Dourado" irá virar e      transforme-se em "Símbolo Joker" depois      eliminação. 3. O "Símbolo Dourado" substitui     o "símbolo Normal" paga e     elimina.	1.“골든 카드”만 나타납니다.      릴 2, 3, 4에서. 2."황금 기호"가 뒤집어지고      이후 '조커 심볼'로 변신      제거. 3. "황금 기호"는 다음을 대체합니다.     "일반 기호"가 지불되고     제거합니다.	1.“Golden Card” ပေါ်လာပါမည်။      reels 2၊ 3 နှင့် 4 တွင်။ 2"Golden Symbol" သည် လှန်လိုက်ပါမည်။      ပြီးနောက် "Joker Symbol" သို့ပြောင်းပါ။      နှိမ်နှင်းရေး။ 3"Golden Symbol" ကို အစားထိုးသည်။     "သာမန်သင်္ကေတ" သည် ပေးဆောင်ပြီးဖြစ်သည်။     ဖယ်ရှားပေးသည်။
L_41	Joker Card	小丑卡	ジョーカーカード	Tarjeta comodín	Kadi ya Joker	Joker kort	โจ๊กเกอร์การ์ด	Kartu Pelawak	Thẻ Joker	Carta Coringa	조커 카드	ဂျိုကာကတ်
L_42	1.The "Joker Symbol" only transform      from "Golden Symbol" of      elimination. 2. The “Joker Card” comes in two      modes: “Big Joker Card” and      “Little Joker Card”. 3. Landing the "Big Joker Symbol", it      will replace 1 to 4 number of      symbols (Except the Scatter and     Joker Symbol)randomly pick on      reel 2 to 5 by "Big Joker Symbol". 4. Landing the "Little Joker Symbol",     The "Golden Symbol" transform to      "Joker Symbol" only. 5. "Joker Symbol" substitutes for all     symbols except Scatter.	1.“小丑符號”僅變形     來自“黃金符號”     消除。 2.「小丑卡」有兩張     模式：「大小丑卡」和     「小小丑卡」。 3.登陸“大小丑符號”，它     將替換 1 到 4 個     符號（除了分散和     小丑符號）隨機挑選     「Big Joker Symbol」的捲軸 2 至 5。 4. 登陸“小小丑符號”，     “黃金符號”轉變為     僅“小丑符號”。 5.「小丑符號」取代一切     除分散符號外的符號。	1.「ジョーカーシンボル」のみの変身      『ゴールデンシンボル』より      排除。 2.「ジョーカーカード」は2種類      モード：「ビッグジョーカーカード」と      「リトルジョーカーカード」。 3.「ビッグジョーカーシンボル」が着地すると、      1 ～ 4 の数字を置き換えます      シンボル (スキャッターとシンボルを除く)     ジョーカーシンボル)ランダムに拾う      リール2～5は「ビッグジョーカーシンボル」で。 4.「リトルジョーカーシンボル」を着地させ、     「ゴールデンシンボル」は、      「ジョーカーシンボル」のみ。 5.「ジョーカーシンボル」が全ての代わりとなる     スキャッターを除くシンボル。	1.El "Símbolo Joker" solo se transforma      del "Símbolo Dorado" de      eliminación. 2. La “Tarjeta Joker” viene en dos      modos: “Big Joker Card” y      “Pequeña carta comodín”. 3. Al conseguir el "Símbolo del gran comodín",      reemplazará del 1 al 4 número de      símbolos (excepto el Scatter y el     Símbolo del comodín) elegir aleatoriamente      carrete 2 a 5 por "Big Joker Symbol". 4. Aterrizar el "Pequeño símbolo del comodín",     El "Símbolo Dorado" se transforma en      "Símbolo comodín" únicamente. 5. El "Símbolo Joker" sustituye a todos     símbolos excepto Scatter.	1. "Alama ya Joker" inabadilika tu      kutoka kwa "Alama ya Dhahabu" ya      kuondoa. 2. "Kadi ya Joker" inakuja mbili      modes: "Kadi kubwa ya Joker" na      "Kadi ndogo ya Joker". 3. Kutua "Alama Kubwa ya Joker", it      itachukua nafasi ya 1 hadi 4 nambari ya      alama (isipokuwa Tawanya na     Alama ya Joker) endelea bila mpangilio      reel 2 hadi 5 na "Alama Kubwa ya Joker". 4. Kutua "Alama Ndogo ya Joker",     "Alama ya Dhahabu" inabadilika kuwa      "Alama ya Joker" pekee. 5. "Alama ya Joker" mbadala kwa wote     alama isipokuwa Tawanya.	1. "Joker-symbolet" transformerer kun      fra "Gyldent Symbol" af      eliminering. 2. "Joker-kortet" kommer i to      tilstande: "Big Joker Card" og      "Lille Joker Card". 3. Landing "Big Joker Symbol", det      vil erstatte 1 til 4 antal      symboler (undtagen scatter og     Joker Symbol) tilfældigt vælge på      hjul 2 til 5 af "Big Joker Symbol". 4. Lander "Lille Joker-symbolet",     Det "gyldne symbol" forvandles til      Kun "Joker Symbol". 5. "Joker Symbol" erstatter alle     symboler undtagen Scatter.	1. "สัญลักษณ์โจ๊กเกอร์" จะเปลี่ยนไปเท่านั้น      จาก "สัญลักษณ์ทอง" ของ      การกำจัด 2. “ไพ่โจ๊กเกอร์” มีสองแบบ      โหมด: “บิ๊กโจ๊กเกอร์การ์ด” และ      “การ์ดโจ๊กเกอร์ตัวน้อย” 3. ลงจอด "สัญลักษณ์โจ๊กเกอร์ตัวใหญ่" ได้เลย      จะแทนที่หมายเลข 1 ถึง 4      สัญลักษณ์ (ยกเว้น Scatter และ     สัญลักษณ์โจ๊กเกอร์)สุ่มเลือก      วงล้อ 2 ถึง 5 โดย “สัญลักษณ์โจ๊กเกอร์ใหญ่” 4. ลงจอด "สัญลักษณ์โจ๊กเกอร์ตัวน้อย"     “สัญลักษณ์ทองคำ” แปลงร่างเป็น      "สัญลักษณ์โจ๊กเกอร์" เท่านั้น 5. "สัญลักษณ์โจ๊กเกอร์" ทดแทนทั้งหมด     สัญลักษณ์ยกเว้นกระจาย	1. "Simbol Joker" hanya bertransformasi      dari "Simbol Emas" dari      eliminasi. 2. “Kartu Joker” ada dua      mode: “Kartu Joker Besar” dan      “Kartu Joker Kecil”. 3. Mendaratkan "Simbol Joker Besar", itu      akan menggantikan 1 hingga 4 nomor      simbol (Kecuali Scatter dan     Simbol Joker) dipilih secara acak      gulungan 2 hingga 5 oleh "Simbol Joker Besar". 4. Mendaratkan "Simbol Joker Kecil",     Transformasi "Simbol Emas" menjadi      "Simbol Joker" saja. 5. "Simbol Joker" menggantikan semuanya     simbol kecuali Menyebar.	1. "Biểu tượng Joker" chỉ biến hình      từ “Biểu tượng vàng” của      sự loại bỏ. 2. “Thẻ Joker” có hai loại      chế độ: “Thẻ Joker lớn” và      “Thẻ Joker nhỏ”. 3. Đạt được "Biểu tượng Joker lớn", nó      sẽ thay thế từ 1 đến 4 số      các ký hiệu (Ngoại trừ Scatter và     Biểu tượng Joker) chọn ngẫu nhiên      cuộn 2 đến 5 của "Biểu tượng Big Joker". 4. Hạ cánh "Biểu tượng Joker nhỏ",     "Biểu tượng vàng" biến thành      Chỉ có "Biểu tượng Joker". 5. "Biểu tượng Joker" thay thế cho tất cả     các ký hiệu ngoại trừ Scatter.	1. O "Símbolo do Coringa" apenas se transforma      do "Símbolo Dourado" de      eliminação. 2. O “Joker Card” vem em dois      modos: “Big Joker Card” e      “Cartão Coringa”. 3. Acertando o "Símbolo do Big Joker", ele      substituirá 1 a 4 números de      símbolos (exceto o Scatter e     Símbolo do Coringa) escolha aleatoriamente      rolo 2 a 5 por "Big Joker Symbol". 4. Acertando o "Símbolo do Pequeno Coringa",     O "Símbolo Dourado" se transforma em      Apenas "Símbolo do Coringa". 5. O "Símbolo Joker" substitui todos     símbolos exceto Scatter.	1. "조커 심볼"만 변형됩니다.      "황금 상징"에서      제거. 2. '조커카드'는 2가지로 나뉜다      모드: "빅 조커 카드" 및      "리틀 조커 카드". 3. "빅 조커 심볼" 착륙      1~4개를 대체합니다.      기호(Scatter 및     조커 기호) 무작위로 선택      "Big Joker Symbol"의 릴 2-5. 4. "리틀 조커 심볼" 착륙,     "황금 기호"는 다음으로 변환됩니다.      "조커 심볼"만 해당됩니다. 5. "조커 심볼"은 모든 것을 대체합니다.     분산형을 제외한 기호.	1.The "Joker Symbol" ကိုသာ ပြောင်းလဲလိုက်ပါ။      "ရွှေသင်္ကေတ" မှ      နှိမ်နှင်းရေး။ 2. "Joker Card" တွင် နှစ်ပိုင်းရှိသည်။      မုဒ်များ- “Big Joker Card” နှင့်      "Little Joker Card" 3. "Big Joker Symbol" ကို ဆင်းသက်လိုက်ပါ။      နံပါတ် 1 မှ 4 ကိုအစားထိုးပါမည်။      သင်္ကေတများ (Scatter နှင့်     Joker Symbol) ကျပန်းရွေးချယ်ပါ။      "Big Joker Symbol" ဖြင့် reel 2 မှ 5 အထိ။ 4. "Little Joker Symbol" ကို ဆင်းသက်လိုက်ပါ။     "ရွှေသင်္ကေတ" အဖြစ်သို့ပြောင်းလဲသွားသည်။      "ဂျိုကာသင်္ကေတ" သာ။ 5. အားလုံးအတွက် "Joker Symbol" ကို အစားထိုးပါ။     Scatter မှလွဲ၍ သင်္ကေတများ။
L_43	Combo Multiplier	組合乘數	コンボ乗数	Multiplicador combinado	Mchanganyiko wa Kuzidisha	Combo multiplikator	ตัวคูณคอมโบ	Pengganda Kombo	Hệ số kết hợp	Multiplicador de combinação	콤보 승수	ပေါင်းစပ်ကိန်းဂဏန်း
L_44	1. "The Combo Multiplier" has 4      levels as  x1, x2, x3,x5 in normal      game. 2. All wins and pays are multiplied by      the "Combo Multiplier" 3. The "Combo Multiplier" is start      from x1 for first elimination of wins      and pays. 4. The "Combo Multiplier" is      increased to x2 after elimination of      any wins and pays from multiplier     level as x1. 5. The "Combo Multiplier" is      increased to x3 after elimination of     any wins and pays from multiplier      level as x2. 6. The "Combo Multiplier" is      increased to x5 after elimination of     any wins and pays from multiplier      level as x3. 7. The "Combo Multiplier" resets to      x1 by no wins and pays of for starts      the next spin.	1.「連擊乘數」有4     正常值為 x1、x2、x3、x5     遊戲。 2. 所有獎金和獎金均乘以     “組合乘數” 3.「組合乘數」啟動     第一次淘汰獲勝的 x1     並支付。 4.「組合乘數」是     消除後增加到x2     乘數帶來的任何贏利和賠付     等級為x1。 5.「組合乘數」是     消除後增加到x3     乘數帶來的任何贏利和賠付     等級為x2。 6.「組合乘數」是     消除後增加到x5     乘數帶來的任何贏利和賠付     等級為x3。 7.「連擊倍數」重設為     x1 由無勝負開始     下一個旋轉。	1.「コンボマルチプライヤー」は4です。      通常の x1、x2、x3、x5 のレベル      ゲーム。 2. すべての勝利と報酬は次のように乗算されます。      「コンボマルチプライヤー」 3.「コンボマルチプライヤー」開始      最初の勝ち負けの場合は x1 から      そして支払います。 4.「コンボ倍率」は      削除後 x2 に増加      あらゆる勝利とマルチプライヤーからの支払い     レベルが1倍になります。 5.「コンボ倍率」は      削除後は x3 に増加     あらゆる勝利とマルチプライヤーからの支払い      レベルが2倍になります。 6.「コンボ倍率」は      削除後はx5に増加     あらゆる勝利とマルチプライヤーからの支払い      レベルが3倍になります。 7.「コンボ乗数」は次のようにリセットされます。      未勝利でx1、スタートの報酬を支払う      次のスピン。	1. "El multiplicador combinado" tiene 4      niveles como x1, x2, x3, x5 en normal      juego. 2. Todas las ganancias y pagos se multiplican por      el "multiplicador combinado" 3. Se inicia el "Multiplicador combinado"      desde x1 para la primera eliminación de victorias      y paga. 4. El "Multiplicador combinado" es      aumentado a x2 después de la eliminación de      cualquier ganancia y pago del multiplicador     nivel como x1. 5. El "Multiplicador combinado" es      aumentado a x3 después de la eliminación de     cualquier ganancia y pago del multiplicador      nivel como x2. 6. El "Multiplicador combinado" es      aumentado a x5 después de la eliminación de     cualquier ganancia y pago del multiplicador      nivel como x3. 7. El "Multiplicador combinado" se restablece a      x1 sin victorias y paga por inicios      el siguiente giro.	1. "The Combo Multiplier" ina 4      viwango kama x1, x2, x3,x5 katika kawaida      mchezo. 2. Ushindi na malipo yote yanazidishwa      "Combo Multiplier" 3. "Combo Multiplier" ni kuanza      kutoka kwa x1 kwa kuondolewa kwa kwanza kwa ushindi      na inalipa. 4. "Combo Multiplier" ni      iliongezeka hadi x2 baada ya kuondolewa      mafanikio yoyote na kulipa kutoka kwa multiplier     kiwango kama x1. 5. "Combo Multiplier" ni      iliongezeka hadi x3 baada ya kuondolewa     mafanikio yoyote na kulipa kutoka kwa multiplier      kiwango kama x2. 6. "Combo Multiplier" ni      iliongezeka hadi x5 baada ya kuondolewa     mafanikio yoyote na kulipa kutoka kwa multiplier      kiwango kama x3. 7. "Combo Multiplier" inaweka upya      x1 bila kushinda na hulipa kwa kuanza      spin inayofuata.	1. "Kombinationsmultiplikatoren" har 4      niveauer som x1, x2, x3,x5 i normal      spil. 2. Alle gevinster og udbetalinger ganges med      "Combo Multiplikator" 3. "Combo Multiplier" er startet      fra x1 for første eliminering af sejre      og betaler. 4. "Kombomultiplikatoren" er      øget til x2 efter eliminering af      enhver gevinst og udbetaling fra multiplikator     niveau som x1. 5. "Kombomultiplikatoren" er      øget til x3 efter eliminering af     enhver gevinst og udbetaling fra multiplikator      niveau som x2. 6. "Kombomultiplikatoren" er      øget til x5 efter eliminering af     enhver gevinst og udbetaling fra multiplikator      niveau som x3. 7. "Combo Multiplier" nulstilles til      x1 uden gevinster og betaler for starter      næste spin.	1. “ตัวคูณคอมโบ” มี 4      ระดับเป็น x1, x2, x3,x5 ในระดับปกติ      เกม. 2. การชนะและการจ่ายเงินทั้งหมดจะคูณด้วย      "ตัวคูณคำสั่งผสม" 3. "ตัวคูณคอมโบ" เริ่มต้นขึ้น      จาก x1 สำหรับการกำจัดชัยชนะครั้งแรก      และจ่ายเงิน 4. “ตัวคูณคอมโบ” คือ      เพิ่มขึ้นเป็น x2 หลังจากกำจัด      ชนะและจ่ายจากตัวคูณ     ระดับเป็น x1 5. “ตัวคูณคอมโบ” คือ      เพิ่มขึ้นเป็น x3 หลังจากกำจัด     ชนะและจ่ายจากตัวคูณ      ระดับเป็น x2 6. “ตัวคูณคอมโบ” คือ      เพิ่มขึ้นเป็น x5 หลังจากกำจัด     ชนะและจ่ายจากตัวคูณ      ระดับเป็น x3 7. "ตัวคูณคอมโบ" จะรีเซ็ตเป็น      x1 โดยไม่ชนะและจ่ายสำหรับการเริ่มต้น      การหมุนครั้งถัดไป	1. "Pengganda Kombo" memiliki 4      level seperti x1, x2, x3,x5 secara normal      permainan. 2. Semua kemenangan dan pembayaran dikalikan      "Pengganda Kombo" 3. "Pengganda Kombo" dimulai      dari x1 untuk eliminasi kemenangan pertama      dan membayar. 4. "Pengganda Kombo" adalah      meningkat menjadi x2 setelah eliminasi      setiap kemenangan dan pembayaran dari pengganda     setingkat x1. 5. "Pengganda Kombo" adalah      meningkat menjadi x3 setelah eliminasi     setiap kemenangan dan pembayaran dari pengganda      tingkat sebagai x2. 6. "Pengganda Kombo" adalah      meningkat menjadi x5 setelah eliminasi     setiap kemenangan dan pembayaran dari pengganda      setingkat x3. 7. "Pengganda Kombo" direset ke      x1 tanpa kemenangan dan pembayaran untuk permulaan      putaran berikutnya.	1. "Hệ số kết hợp" có 4      các mức x1, x2, x3, x5 bình thường      trò chơi. 2. Tất cả tiền thắng và tiền thưởng đều được nhân với      "Hệ số kết hợp" 3. "Hệ số kết hợp" bắt đầu      từ x1 cho lần loại bỏ chiến thắng đầu tiên      và trả tiền. 4. "Hệ số kết hợp" là      tăng lên x2 sau khi loại bỏ      bất kỳ chiến thắng và thanh toán nào từ hệ số nhân     mức x1. 5. "Hệ số kết hợp" là      tăng lên x3 sau khi loại bỏ     bất kỳ chiến thắng và thanh toán nào từ hệ số nhân      mức x2. 6. "Hệ số kết hợp" là      tăng lên x5 sau khi loại bỏ     bất kỳ chiến thắng và thanh toán nào từ hệ số nhân      cấp độ x3. 7. "Hệ số kết hợp" đặt lại thành      x1 mà ​​không thắng và trả tiền cho lần bắt đầu      vòng quay tiếp theo.	1. "O Multiplicador Combo" tem 4      níveis como x1, x2, x3, x5 em normal      jogo. 2. Todos os ganhos e pagamentos são multiplicados por      o "Multiplicador de combinação" 3. O "Multiplicador Combo" é iniciado      de x1 para primeira eliminação de vitórias      e paga. 4. O "Multiplicador Combo" é      aumentou para x2 após a eliminação de      quaisquer vitórias e pagamentos do multiplicador     nível como x1. 5. O "Multiplicador Combo" é      aumentou para x3 após a eliminação de     quaisquer vitórias e pagamentos do multiplicador      nível como x2. 6. O "Multiplicador Combo" é      aumentou para x5 após a eliminação de     quaisquer vitórias e pagamentos do multiplicador      nível como x3. 7. O "Multiplicador Combo" é redefinido para      x1 sem vitórias e pagamentos para partidas      a próxima rodada.	1. "콤보 승수"에는 4가지가 있습니다.      일반 레벨은 x1, x2, x3,x5입니다.      게임. 2. 모든 승리와 급여에 다음을 곱합니다.      "콤보 승수" 3. "콤보 멀티플라이어"가 시작됩니다      x1에서 첫 번째 승리 제거      그리고 지불합니다. 4. "콤보 승수"는      제거 후 2배로 증가      승수로 인한 모든 승리와 지불     레벨은 x1입니다. 5. "콤보 승수"는      제거 후 3배로 증가     승수로 인한 모든 승리와 지불      레벨은 x2입니다. 6. "콤보 승수"는      제거 후 x5로 증가     승수로 인한 모든 승리와 지불      레벨은 x3입니다. 7. "콤보 승수"가 다음으로 재설정됩니다.      x1 승리 없이 시작에 대한 비용 지불      다음 스핀.	1. "The Combo Multiplier" တွင် 4 ရှိသည်။      ပုံမှန်အဆင့်တွင် x1၊ x2၊ x3၊x5 ဖြစ်သည်။      ဂိမ်း။ 2. အနိုင်ရခြင်းနှင့် ပေးချေမှုအားလုံးကို မြှောက်ပေးသည်။      "ပေါင်းစပ်ကိန်းဂဏန်း" 3. "Combo Multiplier" သည် စတင်သည်။      ပထမအကြိမ်အနိုင်ရမှုအတွက် x1 မှ      ပေးတယ်။ 4. "Combo Multiplier" သည်      ဖယ်ရှားပြီးနောက် x2 သို့တိုးလာသည်။      မည်သည့်အနိုင်နှင့်ပေးချေသည်     အဆင့် x1။ 5. "Combo Multiplier" သည်      ဖယ်ရှားပြီးနောက် x3 သို့တိုးလာသည်။     မည်သည့်အနိုင်နှင့်ပေးချေသည်      အဆင့် x2 ။ 6. "Combo Multiplier" သည်      ဖယ်ရှားပြီးနောက် x5 သို့တိုးလာသည်။     မည်သည့်အနိုင်နှင့်ပေးချေသည်      အဆင့် x3။ 7. "Combo Multiplier" ကို ပြန်လည်သတ်မှတ်သည်။      x1 သည် စတင်ခြင်းအတွက် နိုင်ပွဲများနှင့် ပေးချေမှုများ မရှိပါ။      နောက်လှည့်ခြင်း။
L_45	Free Game	免費遊戲	無料ゲーム	Juego Gratis	Mchezo wa Bure	Gratis spil	เกมฟรี	Permainan Gratis	Trò chơi miễn phí	Jogo grátis	무료 게임	အခမဲ့ဂိမ်း
L_46	1. Landing 3 or more "        " will      trigger the Free Game with 10 free      spins. 2. "The Combo Multiplier" has 4       levels as x2, x4, x6, x10 in Free       Game. 3. Rule of Free Game are same as      the normal game, only difference      in the "Combo Multiplier" level. 4. Landing 3 "        " in the Free      Game will trigger addition 5 free      spin which is available to stack.	1.登陸3個或更多“ ”將     觸發免費遊戲 10 個免費     旋轉。 2.「連擊乘數」有4      免費等級為 x2、x4、x6、x10      遊戲。 3.免費遊戲規則同     正常遊戲，唯一區別     在「組合乘數」層級。 4.登陸《免費3》     遊戲將觸發加5免費     spin 可以堆疊。	1.「 」を3つ以上着地させると      10回無料で無料ゲームをトリガーする      回転します。 2.「コンボマルチプライヤー」は4です。       無料では x2、x4、x6、x10 のレベル       ゲーム。 3. フリーゲームのルールは以下と同じです      通常のゲーム、唯一の違い      「コンボ乗数」レベルで。 4. フリーで 3 つの「 」を着地する      ゲームは追加 5 を無料でトリガーします      スタック可能なスピン。	1. Aterrizar 3 o más " "      activa el juego gratis con 10 gratis      giros. 2. "El multiplicador combinado" tiene 4       niveles como x2, x4, x6, x10 en Gratis       Juego. 3. Las reglas del juego gratuito son las mismas que      el juego normal, única diferencia      en el nivel "Multiplicador combinado". 4. Aterrizar 3 " " en Libre      El juego activará la adición de 5 gratis      giro que está disponible para apilar.	1. Kutua 3 au zaidi "" mapenzi      anzisha Mchezo wa Bure na 10 bila malipo      inazunguka. 2. "The Combo Multiplier" ina 4       viwango kama x2, x4, x6, x10 bila malipo       Mchezo. 3. Kanuni ya Mchezo Huru ni sawa na      mchezo wa kawaida, tofauti tu      katika kiwango cha "Combo Multiplier". 4. Kutua 3 "" katika Bure      Mchezo utaanzisha nyongeza 5 bila malipo      spin ambayo inapatikana kwa stack.	1. Landing 3 eller flere " " vil      udløs det gratis spil med 10 gratis      spins. 2. "Kombinationsmultiplikatoren" har 4       niveauer som x2, x4, x6, x10 i gratis       Spil. 3. Rule of Free Game er de samme som      det normale spil, kun forskel      i "Combo Multiplier"-niveauet. 4. Lander 3 " " i den frie      Spillet vil udløse tilføjelse 5 gratis      spin som er tilgængeligt at stable.	1. การลงจอด 3 ครั้งขึ้นไป " " จะ      เรียกเกมฟรี 10 ฟรี      หมุน 2. “ตัวคูณคอมโบ” มี 4       ระดับเป็น x2, x4, x6, x10 ในฟรี       เกม. 3. กฎของเกมฟรีเหมือนกัน      เกมปกติมีความแตกต่างเท่านั้น      ในระดับ "ตัวคูณคอมโบ" 4. ลงจอด 3 " " ในฟรี      เกมจะทริกเกอร์การเพิ่ม 5 ฟรี      หมุนซึ่งสามารถวางซ้อนกันได้	1. Mendaratkan 3 atau lebih " " akan      memicu Game Gratis dengan 10 gratis      berputar. 2. "Pengganda Kombo" memiliki 4       level seperti x2, x4, x6, x10 di Gratis       Permainan. 3. Aturan Permainan Gratis sama dengan      permainan normal, hanya perbedaannya      di level "Pengganda Kombo". 4. Mendarat 3 " " secara Gratis      Game akan memicu penambahan 5 gratis      putaran yang tersedia untuk ditumpuk.	1. Hạ cánh 3 " " trở lên sẽ      kích hoạt Trò chơi miễn phí với 10 trò chơi miễn phí      quay. 2. "Hệ số kết hợp" có 4       các cấp độ x2, x4, x6, x10 trong Free       Trò chơi. 3. Luật chơi miễn phí giống như      trò chơi bình thường, chỉ có sự khác biệt      ở cấp độ "Hệ số kết hợp". 4. Hạ cánh 3" "trong Free      Game sẽ kích hoạt thêm 5 miễn phí      quay có sẵn để xếp chồng.	1. Aterrar 3 ou mais " " irá      acione o Jogo Grátis com 10 grátis      gira. 2. "O Multiplicador Combo" tem 4       níveis como x2, x4, x6, x10 em Grátis       Jogo. 3. As regras do jogo grátis são as mesmas que      o jogo normal, única diferença      no nível "Multiplicador Combo". 4. Aterrissando 3 " " no Grátis      O jogo irá acionar a adição 5 grátis      spin que está disponível para empilhar.	1. 3개 이상의 " "착륙      10개의 무료로 무료 게임을 시작하세요.      회전합니다. 2. "콤보 승수"에는 4가지가 있습니다.       x2, x4, x6, x10 레벨(무료)       게임. 3. 무료 게임의 규칙은 다음과 같습니다.      일반적인 게임, 유일한 차이점      "콤보 승수" 수준에서. 4. Free에서 3 " " 착륙      게임은 추가 5를 무료로 트리거합니다.      스택이 가능한 스핀.	1. ဆင်းသက် 3 သို့မဟုတ် ထို့ထက်ပို၍ ဆင်းသက်ပါမည်။      အခမဲ့ဂိမ်းကို 10 အခမဲ့ဖြင့် အစပျိုးပါ။      ဝင်သွားသည်။ 2. "The Combo Multiplier" တွင် 4 ရှိသည်။       အဆင့်များသည် x2၊ x4၊ x6၊ x10 အခမဲ့ဖြစ်သည်။       ဂိမ်း။ 3. Rule of Free Game သည် အတူတူပင်ဖြစ်သည်။      ပုံမှန်ဂိမ်း၊ ကွာခြားချက်သာဖြစ်သည်။      "Combo Multiplier" အဆင့်တွင်။ 4. Free တွင် 3 "" ဆင်းသက်ပါ။      ဂိမ်းသည် ထပ်လောင်း 5 ကို အခမဲ့ စတင်မည်ဖြစ်သည်။      stack လုပ်ဖို့ရနိုင်တဲ့ spin။
L_47	Paytable	賠率表	給与表	Tabla de pagos	Paytable	Gevinsttabel	ตารางการจ่ายเงิน	Pembayaran	bảng thanh toán	Tabela de pagamentos	지불금	ငွေပေးချေမှု
L_48	WILD substitutes for all symbols  except SCATTER	WILD 取代所有符號 除了分散	WILD はすべてのシンボルを置き換えます  スキャッターを除く	WILD sustituye a todos los símbolos  excepto DISPERSIÓN	WILD mbadala kwa alama zote  isipokuwa KUTAWANYA	WILD erstatter alle symboler  undtagen SCATTER	WILD แทนที่สัญลักษณ์ทั้งหมด  ยกเว้นกระจาย	WILD menggantikan semua simbol  kecuali SCATTER	WILD thay thế cho tất cả các biểu tượng  ngoại trừ SCATTER	Substitutos WILD para todos os símbolos  exceto DISPERSÃO	WILD는 모든 기호를 대체합니다.  분산형 제외	သင်္ကေတအားလုံးအတွက် WILD အစားထိုးမှုများ  SCATTER မှလွဲ၍
L_49	Game Rules	遊戲規則	ゲームルール	Reglas del juego	Kanuni za mchezo	Spilleregler	กฎของเกม	Aturan Permainan	Luật chơi	Regras do jogo	게임 규칙	ဂိမ်းစည်းကမ်းများ
L_50	1. Super Ace is a video slot with 5      reels, 4 rows and 1024 ways. 2. All wins pay with left most reel to      right on adjacent reels. 3. During the game, all winning      symbol(s) will "flip" again. After the     "flip" will  appear  new symbol(s)      replaced the previous winning      symbol(s) and re-evalaute for more      wins. If there is no winning symbols      after the re-evaluated, the current     game winning amount will be      awarded to  player. 4. Winnings = Pay x Lines x Bet.	1. Super Ace 是一台視訊老虎機，有 5 個     捲軸，4 行，1024 路。 2. 所有獲勝均以最左邊的捲軸支付     就在相鄰的捲軸上。 3.比賽過程中，全部獲勝     符號將再次「翻轉」。之後     「翻轉」將出現新符號     取代了之前的勝利     符號並重新評估更多     獲勝。如果沒有獲勝符號     重新評估後，當前     遊戲獲勝金額將為     授予玩家。 4. 獎金 = 賠付 x 盤數 x 賭注。	1. スーパーエースは5枚のビデオスロットです      リール、4列、1024通り。 2. すべての勝ちは左端のリールで支払われます。      隣接するリールにあります。 3. 試合中は全員勝利      シンボルは再び「反転」します。その後     「反転」すると新しいシンボルが表示されます      前回の勝利に取って代わりました      シンボルを追加し、再評価します      勝ちます。勝利シンボルがない場合      再評価後の現在は、     ゲームの勝利金額は      プレイヤーに授与されます。 4. 賞金 = ペイ x ライン x ベット。	1. Super Ace es una video tragamonedas con 5      carretes, 4 filas y 1024 vías. 2. Todas las ganancias se pagan con el carrete más a la izquierda      justo en los carretes adyacentes. 3. Durante el juego, todos ganan.      Los símbolos "voltearán" nuevamente. después del     "voltear" aparecerán nuevos símbolos      reemplazó al ganador anterior      símbolo(s) y vuelva a evaluar para obtener más información.      gana. Si no hay símbolos ganadores      después de la reevaluación, la actual     la cantidad ganadora del juego será      otorgado al jugador. 4. Ganancias = Pago x Líneas x Apuesta.	1. Super Ace ni nafasi ya video yenye 5      reels, safu 4 na njia 1024. 2. Mafanikio yote hulipa ukiwa umesalia na wengi      kulia kwenye reels zilizo karibu. 3. Wakati wa mchezo, wote kushinda      ishara(s)ita "pinduka" tena. Baada ya     "flip" itaonekana alama mpya      ilibadilisha ushindi wa awali      ishara na ubadilishe upya kwa zaidi      mafanikio. Ikiwa hakuna alama za kushinda      baada ya kutathminiwa upya, sasa     kiasi cha kushinda mchezo kitakuwa      tuzo kwa mchezaji. 4. Ushindi = Lipa x Lines x Bet.	1. Super Ace er en videoslot med 5      hjul, 4 rækker og 1024 måder. 2. Alle gevinster betales med venstre mest hjul til      lige på tilstødende hjul. 3. Under spillet vinder alle      symbol(er) vil "vende" igen. Efter     "flip" vises nye symbol(er)      erstattede den tidligere sejr      symbol(er) og revurder for mere      vinder. Hvis der ikke er nogen vindende symboler      efter den re-evaluerede, den nuværende     spillets gevinstbeløb vil være      tildelt spiller. 4. Gevinster = Pay x Lines x Bet.	1. Super Ace เป็นวิดีโอสล็อตที่มี 5      วงล้อ 4 แถว 1,024 วิธี 2. การชนะทั้งหมดจะจ่ายด้วยรีลซ้ายสุด      ขวาบนวงล้อที่อยู่ติดกัน 3. ระหว่างเกมชนะทั้งหมด      สัญลักษณ์จะ "พลิก" อีกครั้ง หลังจากที่     "พลิก" จะปรากฏสัญลักษณ์ใหม่      แทนที่ชัยชนะครั้งก่อน      สัญลักษณ์และประเมินใหม่เพิ่มเติม      ชนะ หากไม่มีสัญลักษณ์ที่ชนะ      หลังจากประเมินใหม่แล้วปัจจุบัน     จำนวนเงินที่ชนะในเกมจะเป็น      มอบให้กับผู้เล่น 4. เงินรางวัล = จ่าย x ไลน์ x เดิมพัน	1. Super Ace adalah slot video dengan 5      gulungan, 4 baris dan 1024 cara. 2. Semua kemenangan dibayar dengan gulungan paling kiri      tepat di gulungan yang berdekatan. 3. Selama pertandingan, semua menang      simbol akan "terbalik" lagi. Setelah     "flip" akan muncul simbol baru      menggantikan kemenangan sebelumnya      simbol dan evaluasi ulang untuk mengetahui lebih lanjut      menang. Jika tidak ada simbol kemenangan      setelah dievaluasi kembali, saat ini     jumlah kemenangan permainan akan      diberikan kepada pemain. 4. Kemenangan = Bayar x Garis x Taruhan.	1. Super Ace là một slot video có 5      cuộn, 4 hàng và 1024 cách. 2. Tất cả các chiến thắng đều được trả bằng hầu hết các cuộn quay bên trái      ngay trên các cuộn liền kề. 3. Trong trò chơi, tất cả đều thắng      (các) biểu tượng sẽ "lật" lại. Sau khi     "lật" sẽ xuất hiện (các) biểu tượng mới      thay thế chiến thắng trước đó      (các) biểu tượng và đánh giá lại để biết thêm      thắng. Nếu không có biểu tượng chiến thắng      sau khi đánh giá lại, hiện tại     số tiền thắng trò chơi sẽ là      trao cho người chơi. 4. Tiền thắng = Trả tiền x Dòng x Cược.	1. Super Ace é um vídeo caça-níqueis com 5      bobinas, 4 linhas e 1024 maneiras. 2. Todos os ganhos são pagos com o rolo mais à esquerda para      diretamente nas bobinas adjacentes. 3. Durante o jogo, todos ganham      o(s) símbolo(s) irá(ão) "virar" novamente. Depois do     "flip" aparecerá novo(s) símbolo(s)      substituiu o vencedor anterior      símbolo(s) e reavaliar para obter mais      vence. Se não houver símbolos vencedores      após o reavaliado, o atual     o valor do ganho do jogo será      concedido ao jogador. 4. Ganhos = Pagamento x Linhas x Aposta.	1. 슈퍼에이스는 5개의 비디오 슬롯이 있습니다.      릴, 4열, 1024웨이. 2. 모든 승리는 가장 왼쪽 릴로 지급됩니다.      바로 인접한 릴에 있습니다. 3. 게임 중 모든 승리      기호가 다시 "뒤집어질" 것입니다. 이후     "뒤집기"가 새로운 기호로 나타납니다.      이전 승리를 대체      기호를 선택하고 더 많은 항목을 재평가하세요.      승리. 당첨 기호가 없는 경우      재평가 후 현재     게임 승리 금액은      플레이어에게 수여됩니다. 4. 상금 = 지불 x 라인 x 베팅.	1. Super Ace သည် 5 ပါရှိသော ဗီဒီယိုအထိုင်တစ်ခုဖြစ်သည်။      reels၊ 4 တန်းနှင့် 1024 နည်းလမ်း။ 2. အနိုင်ရသူအားလုံးကို ဘယ်ဘက်အကျဆုံး ရစ်ပတ်ဖြင့် ပေးချေပါ။      ကပ်လျက် reels ပေါ်တွင်ညာဘက်။ 3. ဂိမ်းကာလအတွင်း, အားလုံးအနိုင်ရ      သင်္ကေတ(များ) ထပ်မံ "လှန်" ပါမည်။ ပြီးနောက်     "flip" သည် သင်္ကေတ(များ) အသစ်ပေါ်လာပါမည်      ယခင်အနိုင်ရခဲ့သောနေရာကို အစားထိုးခဲ့သည်။      သင်္ကေတ(များ) နှင့် နောက်ထပ်များအတွက် ပြန်လည်အကဲဖြတ်ပါ။      အနိုင်ရတယ်။ အနိုင်ရတဲ့ သင်္ကေတတွေ မရှိရင်၊      ပြန်လည်အကဲဖြတ်ပြီးနောက် လက်ရှိအခြေအနေ     ဂိမ်းအနိုင်ရသောပမာဏဖြစ်လိမ့်မည်။      ကစားသမားအား ချီးမြှင့်သည်။ 4. အနိုင်ရမှုများ = ပေးချေ x လိုင်းများ x လောင်းကစား။
L_51	 5. Each spin has a maximum payout      ratio of 10,000 times. When this     ratio is reached, the continuous      matching for prize will stop, and     the reward settlement will      proceed. 6. Malfunction voids all pays and      plays. If any malfunction occurs     during the feature game, the      system will  automatically      complete the game and ensure      the player receives their      winnings. Where an interruption      occurs after the operator      receives notification of the      customer´s gamble and where      the customer can have no further       influence on the outcome of the      event or gamble the results of the      gamble should  stand.A game      round is immediately ended when      the win cap is reached, and      all winnings will be paid out.      Maximum Payout : 10,000,000      Maximum Win Odds : 10,000x      Minimum bet : 0.5     Maximum bet : ‎1,000	 5. 每次旋轉都有最高賠償     比率為10,000倍。當這個     達到比率後，連續     獎品匹配將停止，並且     獎勵結算將     繼續。 6. 故障導致所有付款無效     播放。如果發生任何故障     在特色遊戲期間，     系統會自動     完成遊戲並確保     玩家收到他們的     獎金。哪裡有中斷     發生在運算符之後     收到通知     客戶的賭博以及在哪裡     客戶不能再有任何進一步的     對結果的影響     事件或賭博的結果     賭博應該成立。一場遊戲     回合立即結束，當     已達到獲勝上限，且     所有獎金都將被支付。      最高賠償額：10,000,000      最大獲勝賠率：10,000x      最低投注金額：0.5     最大賭注：‎1,000	 5. 各スピンには最大ペイアウトがあります      倍率は10,000倍。こうなると     比率に達すると、連続      賞品のマッチングが停止され、     報酬の決済は      進む。 6. 故障によりすべての支払いが無効になります。      遊ぶ。何らかの不具合が生じた場合     フィーチャーゲーム中に、      システムは自動的に      ゲームを完了して確認する      プレーヤーは彼らの      賞金。中断された場所      演算子の後に発生します      の通知を受け取ります      顧客のギャンブルと場所      顧客はこれ以上何もできません       の結果への影響      イベントやギャンブルの結果      ギャンブルは成立するべきだ。ゲーム      ラウンドは即座に終了します      勝利上限に達し、      すべての賞金が支払われます。      最大ペイアウト: 10,000,000      最大勝利オッズ : 10,000x      最小賭け金 : 0.5     最大ベット: 1,000	 5. Cada giro tiene un pago máximo      proporción de 10.000 veces. cuando esto     se alcanza la relación, el continuo      La búsqueda del premio se detendrá y     el acuerdo de recompensa será      proceder. 6. El mal funcionamiento anula todos los pagos y      juega. Si ocurre algún mal funcionamiento     durante el juego especial, el      El sistema automáticamente      completa el juego y asegúrate      el jugador recibe su      ganancias. donde una interrupción      ocurre después de que el operador      recibe notificación de la      La apuesta del cliente y dónde.      el cliente no puede tener más       influencia en el resultado de la      evento o apostar los resultados del      la apuesta debe mantenerse. Un juego      La ronda finaliza inmediatamente cuando      se alcanza el límite de ganancias, y      Se pagarán todas las ganancias.      Pago máximo: 10.000.000      Probabilidades máximas de ganar: 10,000x      Apuesta mínima: 0,5     Apuesta máxima: ‎1.000	 5. Kila spin ina malipo ya juu zaidi      uwiano wa mara 10,000. Wakati huu     uwiano ni kufikiwa, kuendelea      kulinganisha kwa tuzo kutakoma, na     malipo ya malipo yatafanyika      endelea. 6. Kutofanya kazi vibaya hubatilisha malipo yote na      inacheza. Ikiwa malfunction yoyote hutokea     wakati wa mchezo wa kipengele, the      mfumo utafanya moja kwa moja      kukamilisha mchezo na kuhakikisha      mchezaji hupokea yao      ushindi. Ambapo usumbufu      hutokea baada ya operator      inapokea taarifa ya      kamari ya mteja na wapi      mteja hawezi kuwa na zaidi       ushawishi juu ya matokeo ya      tukio au kamari matokeo ya      kamari inapaswa kusimama.Mchezo      pande zote ni mara moja kumalizika wakati      kofia ya kushinda imefikiwa, na      ushindi wote utalipwa.      Upeo wa Malipo : 10,000,000      Upeo wa Odds za Ushindi : 10,000x      Kiwango cha chini cha dau: 0.5     Kiwango cha juu zaidi cha dau : ‎1,000	 5. Hvert spin har en maksimal udbetaling      forhold på 10.000 gange. Når dette     forhold er nået, den kontinuerlige      matchning af præmien stopper, og     belønningsafregningen vil      fortsætte. 6. Funktionsfejl annullerer alle betalinger og      spiller. Hvis der opstår fejl     under featurespillet      systemet vil automatisk      fuldfør spillet og sørg for      spilleren modtager deres      gevinster. Hvor en afbrydelse      sker efter operatøren      modtager meddelelse om      kundens satsning og hvor      kunden kan ikke have længere       indflydelse på resultatet af      begivenhed eller gambling resultaterne af      gamble burde stå.Et spil      runde afsluttes straks, når      vinderloftet er nået, og      alle gevinster vil blive udbetalt.      Maksimal udbetaling: 10.000.000      Maksimale gevinstodds: 10.000x      Minimum indsats: 0,5     Maksimal indsats: ‎1.000	 5. การหมุนแต่ละครั้งมีการจ่ายเงินสูงสุด      อัตราส่วน 10,000 เท่า เมื่อสิ่งนี้     ถึงอัตราส่วนต่อเนื่องกัน      การจับคู่เพื่อรับรางวัลจะหยุดลงและ     การชำระรางวัลจะ      ดำเนินการ. 6. ความผิดปกติทำให้การจ่ายเงินทั้งหมดเป็นโมฆะและ      เล่น หากเกิดความผิดปกติประการใด     ในระหว่างเกมฟีเจอร์      ระบบจะอัตโนมัติ      จบเกมและมั่นใจ      ผู้เล่นได้รับของพวกเขา      ชัยชนะ เกิดการหยุดชะงักตรงไหน.      เกิดขึ้นหลังจากผู้ปฏิบัติงาน      ได้รับการแจ้งเตือนของ      การพนันของลูกค้าและที่ไหน      ลูกค้าไม่สามารถมีอีกต่อไป       มีอิทธิพลต่อผลลัพธ์ของ      เหตุการณ์หรือการพนันผลของการ      การพนันควรยืนหยัดเป็นเกม      รอบจะสิ้นสุดทันทีเมื่อ      ถึงขีดจำกัดการชนะแล้ว และ      เงินรางวัลทั้งหมดจะถูกจ่ายออกไป      การจ่ายเงินสูงสุด : 10,000,000      อัตราต่อรองการชนะสูงสุด : 10,000x      เดิมพันขั้นต่ำ : 0.5     เดิมพันสูงสุด : ‎1,000	 5. Setiap putaran memiliki pembayaran maksimum      rasio 10.000 kali. Saat ini     rasio tercapai, terus menerus      pencocokan hadiah akan berhenti, dan     penyelesaian hadiah akan terjadi      melanjutkan. 6. Kerusakan membatalkan semua pembayaran dan      diputar. Jika terjadi malfungsi     selama permainan fitur, itu      sistem akan secara otomatis      selesaikan permainan dan pastikan      pemain menerima miliknya      kemenangan. Dimana ada gangguan      terjadi setelah operator      menerima pemberitahuan tentang      pertaruhan pelanggan dan di mana      pelanggan tidak dapat melanjutkan       mempengaruhi hasil dari      acara atau mempertaruhkan hasil      pertaruhan harus bertahan. Sebuah permainan      putaran segera berakhir ketika      batas kemenangan tercapai, dan      semua kemenangan akan dibayarkan.      Pembayaran Maksimum : 10.000.000      Peluang Kemenangan Maksimum : 10.000x      Taruhan minimum : 0,5     Taruhan maksimum : ‎1.000	 5. Mỗi vòng quay có mức thanh toán tối đa      tỷ lệ 10.000 lần. Khi điều này     đạt được tỷ lệ, liên tục      việc khớp giải thưởng sẽ dừng lại, và     việc giải quyết phần thưởng sẽ      tiếp tục. 6. Sự cố làm mất hiệu lực tất cả các khoản thanh toán và      vở kịch. Nếu có sự cố xảy ra     trong trò chơi tính năng,      hệ thống sẽ tự động      hoàn thành trò chơi và đảm bảo      người chơi nhận được của họ      tiền thắng cược. Nơi bị gián đoạn      xảy ra sau toán tử      nhận được thông báo của      canh bạc của khách hàng và ở đâu      khách hàng không thể có thêm       ảnh hưởng đến kết quả của      sự kiện hoặc đánh bạc kết quả của      canh bạc nên đứng. Một trò chơi      vòng đấu kết thúc ngay lập tức khi      đã đạt đến giới hạn chiến thắng và      tất cả tiền thắng cược sẽ được thanh toán.      Khoản thanh toán tối đa : 10.000.000      Tỷ lệ thắng tối đa: 10.000 lần      Đặt cược tối thiểu: 0,5     Đặt cược tối đa: 1.000	 5. Cada rodada tem um pagamento máximo      proporção de 10.000 vezes. Quando isso     proporção é alcançada, o contínuo      a correspondência pelo prêmio será interrompida e     a liquidação da recompensa será      prossiga. 6. O mau funcionamento anula todos os pagamentos e      joga. Se ocorrer algum mau funcionamento     durante o jogo paralelo, o      sistema irá automaticamente      complete o jogo e garanta      o jogador recebe seu      ganhos. Onde uma interrupção      ocorre após o operador      recebe notificação do      aposta do cliente e onde      o cliente não pode ter mais       influência no resultado do      evento ou apostar os resultados do      a aposta deve permanecer. Um jogo      a rodada termina imediatamente quando      o limite de ganhos é atingido e      todos os ganhos serão pagos.      Pagamento máximo: 10.000.000      Probabilidades máximas de vitória: 10.000x      Aposta mínima: 0,5     Aposta máxima: 1.000	 5. 각 스핀에는 최대 지불금이 있습니다.      10,000배의 비율. 이 때     비율에 도달하면 연속      경품 매칭이 중단되며,     보상 정산은      진행하다. 6. 오작동으로 인해 모든 급여가 무효화되고      연극. 오작동이 발생한 경우     피처 게임 중에는      시스템이 자동으로      게임을 완료하고 확인하세요      플레이어는 자신의      상금. 중단되는 곳      연산자 뒤에 발생      의 통지를 받습니다      고객의 도박과 장소      고객은 더 이상 가질 수 없습니다       의 결과에 영향을 미침      이벤트 또는 도박의 결과      도박은 서야 한다.게임      다음과 같은 경우 라운드가 즉시 종료됩니다.      승리 상한선에 도달했으며,      모든 상금이 지급됩니다.      최대 지급액 : 10,000,000      최대 승리 확률: 10,000x      최소 베팅 : 0.5     최대 배팅액 : ‎1,000	 5. လှည့်ခြင်းတစ်ခုစီတွင် အများဆုံးပေးချေမှုတစ်ခုရှိသည်။      အချိုးအဆ 10,000 ။ ဒီအခါ     အချိုးသည် စဉ်ဆက်မပြတ် ရောက်ရှိသည်။      ဆုအတွက် ကိုက်ညီမှု ရပ်တန့်သွားမည်     ဆုကြေးငွေ ပြေလည်မှုရလိမ့်မည်။      ရှေ့ဆက်ပါ။ 6. ချွတ်ယွင်းချက်သည် ပေးချေမှုများအားလုံးကို ပျက်ပြယ်စေပါသည်။      ပြဇာတ်များ။ ချို့ယွင်းချက်တစ်စုံတစ်ရာ ဖြစ်ပေါ်ပါက၊     feature ဂိမ်းကာလအတွင်း, the      စနစ်က အလိုအလျောက် ပေါ်လာပါလိမ့်မယ်။      ဂိမ်းကိုပြီးအောင်သေချာအောင်လုပ်ပါ။      ကစားသမားက သူတို့လက်ခံတယ်။      အောင်မြင်မှုများ။ ဘယ်မှာ လုပ်တာလား။      အော်ပရေတာပြီးနောက်ဖြစ်ပေါ်သည်။      ၏အကြောင်းကြားစာကိုလက်ခံရရှိ      ဖောက်သည်၏လောင်းကစားနှင့်ဘယ်မှာလဲ။      ဖောက်သည် မရှိတော့ပါ။       ရလဒ်အပေါ်လွှမ်းမိုးမှု      ပွဲ သို့မဟုတ် လောင်းကစားရလဒ်များ      gamble stand.A game      ဝိုင်းက ချက်ချင်း ပြီးလိုက်တာ      win cap ဟူ၍လည်းကောင်း၊      အနိုင်ရရှိမှုအားလုံးကို ပေးချေပါမည်။      အများဆုံးပေးချေမှု : 10,000,000      အများဆုံး Win Odds : 10,000x      အနည်းဆုံးလောင်းကြေး : 0.5     အများဆုံးလောင်းကြေး : 1,000
L_52	Button	按鈕	ボタン	Botón	Kitufe	Knap	ปุ่ม	Tombol	Cái nút	Botão	단추	ခလုတ်
L_53	Spin: Tap to start spinning  base on the current bet.Player  can also click the reels or press  the spacebar to start or stop  the spin. (not available on all  operators and jurisdictions)	旋轉：點擊開始旋轉 基於當前賭注。玩家 也可以點選捲軸或按 空白鍵啟動或停止 旋轉。 （不適用於所有 運營商和司法管轄區）	スピン: タップして回転を開始します  現在のベットに基づいて決定します。プレイヤー  リールをクリックするか、を押すこともできます  スペースバーで開始または停止します  スピン。 (すべての端末で利用できるわけではありません  事業者と管轄区域)	Girar: toca para comenzar a girar  basado en la apuesta actual. Jugador  También puede hacer clic en los carretes o presionar  la barra espaciadora para iniciar o detener  el giro. (no disponible en todos  operadores y jurisdicciones)	Zungusha: Gusa ili kuanza kusokota  msingi wa dau la sasa.Mchezaji  pia unaweza kubofya reels au bonyeza  upau wa nafasi kuanza au kuacha  spin. (haipatikani kwa wote  waendeshaji na mamlaka)	Spin: Tryk for at begynde at spinde  base på det aktuelle bet.Player  kan også klikke på hjulene eller trykke  mellemrumstasten for at starte eller stoppe  spindet. (ikke tilgængelig på alle  operatører og jurisdiktioner)	หมุน: แตะเพื่อเริ่มหมุน  ขึ้นอยู่กับการเดิมพันในปัจจุบันผู้เล่น  ยังสามารถคลิกวงล้อหรือกดได้  สเปซบาร์เพื่อเริ่มหรือหยุด  การหมุน (ไม่มีจำหน่ายทั้งหมด  ผู้ดำเนินการและเขตอำนาจศาล)	Putar: Ketuk untuk mulai memutar  berdasarkan taruhan saat ini. Pemain  bisa juga klik gulungan atau tekan  spasi untuk memulai atau berhenti  putaran. (tidak tersedia di semua  operator dan yurisdiksi)	Quay: Nhấn để bắt đầu quay  dựa trên mức cược hiện tại.Player  cũng có thể nhấp vào cuộn hoặc nhấn  phím cách để bắt đầu hoặc dừng  vòng quay. (không có sẵn trên tất cả  nhà điều hành và khu vực pháp lý)	Girar: toque para começar a girar  com base na aposta atual.Player  também pode clicar nos rolos ou pressionar  a barra de espaço para iniciar ou parar  o giro. (não disponível em todos  operadores e jurisdições)	회전: 회전을 시작하려면 탭하세요.  현재 베팅을 기준으로 합니다.플레이어  릴을 클릭하거나 누를 수도 있습니다.  스페이스바를 시작하거나 중지하려면  스핀. (전부 사용할 수는 없습니다.  운영자 및 관할권)	လှည့်ခြင်း- စတင်လည်ပတ်ရန် တို့ပါ။  လက်ရှိ bet.Player ကိုအခြေခံသည်။  လည်တံကို နှိပ်၍လည်း နှိပ်နိုင်သည်။  စတင်ရန် သို့မဟုတ် ရပ်ရန် spacebar  လှည့်ဖျားသည်။ (အားလုံးတွင်မရနိုင်ပါ။  အော်ပရေတာများနှင့် တရားစီရင်ပိုင်ခွင့်များ)
L_54	Auto Spin: Tap to start the  auto play, and click again to stop the auto spin	自動旋轉：點擊即可開始 自動播放，再次點擊即可 停止自動旋轉	オートスピン: タップして開始します。  自動再生し、もう一度クリックすると、 オートスピンを停止する	Giro automático: toque para iniciar el  reproducción automática y haga clic nuevamente para detener el giro automático	Spin Kiotomatiki: Gusa ili kuanza  cheza kiotomatiki, na ubofye tena ili kuacha spin otomatiki	Autospin: Tryk for at starte  auto play, og klik igen for at stop autospin	หมุนอัตโนมัติ: แตะเพื่อเริ่ม  เล่นอัตโนมัติแล้วคลิกอีกครั้งเพื่อ หยุดการหมุนอัตโนมัติ	Putar Otomatis: Ketuk untuk memulai  putar otomatis, dan klik lagi untuk menghentikan putaran otomatis	Tự động quay: Nhấn để bắt đầu  tự động phát và nhấp lại để dừng vòng quay tự động	Rotação automática: toque para iniciar o  reprodução automática e clique novamente para pare a rotação automática	자동 회전: 탭하여 시작하세요.  자동 재생하고 다시 클릭하면 자동 회전 중지해	အလိုအလျောက်လှည့်ခြင်း- စတင်ရန် တို့ပါ။  auto play ကို ထပ်မံနှိပ်ပါ။ အော်တိုလှည့်ခြင်းကို ရပ်ပါ။
L_55	 Bet Select: Tap to adjust the bet.	 賭注選擇：點擊以調整賭注。	 ベット選択: タップしてベットを調整します。	 Selección de apuesta: toque para ajustar la apuesta.	 Chagua kamari: Gusa ili kurekebisha dau.	 Indsatsvalg: Tryk for at justere indsatsen.	 เลือกเดิมพัน: แตะเพื่อปรับการเดิมพัน	 Pilihan Taruhan: Ketuk untuk menyesuaikan taruhan.	 Chọn cược: Nhấn để điều chỉnh cược.	 Seleção de aposta: Toque para ajustar a aposta.	 베팅 선택: 베팅을 조정하려면 탭하세요.	 လောင်းကစားရွေးချယ်ပါ- လောင်းကြေးကို ချိန်ညှိရန် တို့ပါ။
L_56	Turbo Spin: Tap to enable or  disable the Turbo Spin to  adjust the speed of reel spins  in the game	Turbo Spin：點擊以啟用或 停用 Turbo Spin 調整捲軸旋轉速度 在遊戲中	Turbo Spin: タップして有効にするか、  ターボスピンを無効にして、  リールの回転速度を調整する  ゲームの中で	Turbo Spin: toque para habilitar o  desactivar el Turbo Spin para  ajustar la velocidad de los giros del carrete  en el juego	Turbo Spin: Gonga ili kuwezesha au  Zima Turbo Spin kwa  kurekebisha kasi ya mizunguko ya reel  katika mchezo	Turbo Spin: Tryk for at aktivere eller  deaktiver Turbo Spin til  juster hastigheden af ​​hjulspind  i spillet	เทอร์โบสปิน: แตะเพื่อเปิดใช้งาน หรือ  ปิดการใช้งาน Turbo Spin เพื่อ  ปรับความเร็วของการหมุนรีล  ในเกม	Turbo Spin: Ketuk untuk mengaktifkan atau  nonaktifkan Turbo Spin ke  mengatur kecepatan putaran reel  dalam permainan	Turbo Spin: Nhấn để bật hoặc  vô hiệu hóa Turbo Spin để  điều chỉnh tốc độ quay của cuộn  trong trò chơi	Turbo Spin: Toque para ativar ou  desativar o Turbo Spin para  ajustar a velocidade dos giros do carretel  no jogo	터보 스핀: 탭하여 활성화하거나  터보 스핀을 비활성화하여  릴 회전 속도 조절  게임에서	Turbo လှည့်ခြင်း- ဖွင့်ရန် သို့မဟုတ် ဖွင့်ရန် တို့ပါ။  Turbo Spin ကိုပိတ်ထားပါ။  reel ဝင်သွားသောအရှိန်ကိုချိန်ညှိပါ။  ဂိမ်းထဲမှာ
L_57	Option: Tap to show the game instruction and sound button	選項：點選顯示遊戲說明和聲音按鈕	オプション: タップしてゲームの説明とサウンドボタンを表示します	Opción: toque para mostrar las instrucciones del juego y el botón de sonido.	Chaguo: Gusa ili kuonyesha maagizo ya mchezo na kitufe cha sauti	Mulighed: Tryk for at vise spilinstruktionen og lydknappen	ตัวเลือก: แตะเพื่อแสดงคำสั่งเกมและปุ่มเสียง	Opsi: Ketuk untuk menampilkan instruksi permainan dan tombol suara	Tùy chọn: Nhấn để hiển thị hướng dẫn trò chơi và nút âm thanh	Opção: Toque para mostrar as instruções do jogo e o botão de som	옵션: 탭하면 게임 지침과 사운드 버튼이 표시됩니다.	ရွေးချယ်မှု- ဂိမ်းလမ်းညွှန်နှင့် အသံခလုတ်ကို ပြသရန် တို့ပါ။
L_58	 Game rules: Tap to show the game rules and function button.	 遊戲規則：點選可顯示遊戲規則和功能按鈕。	 ゲームルール：タップするとゲームルールと機能ボタンが表示されます。	 Reglas del juego: toque para mostrar las reglas del juego y el botón de función.	 Sheria za mchezo: Gusa ili kuonyesha sheria za mchezo na kitufe cha utendakazi.	 Spilleregler: Tryk for at vise spillereglerne og funktionsknappen.	 กฎของเกม: แตะเพื่อแสดงกฎของเกมและปุ่มฟังก์ชั่น	 Aturan permainan: Ketuk untuk menampilkan aturan permainan dan tombol fungsi.	 Luật chơi: Nhấn để hiển thị luật chơi và nút chức năng.	 Regras do jogo: Toque para mostrar as regras do jogo e o botão de função.	 게임 규칙: 탭하면 게임 규칙과 기능 버튼이 표시됩니다.	 ဂိမ်းစည်းမျဉ်းများ- ဂိမ်းစည်းမျဉ်းများနှင့် လုပ်ဆောင်ချက်များကို ပြသရန် ခလုတ်ကိုနှိပ်ပါ။
L_59	 Sound: Tap to turn sound ON or OFF.	 聲音：點選可開啟或關閉聲音。	 サウンド: タップしてサウンドをオンまたはオフにします。	 Sonido: toque para activar o desactivar el sonido.	 Sauti: Gusa ili KUWASHA au KUZIMA sauti.	 Lyd: Tryk for at slå lyden TIL eller FRA.	 เสียง: แตะเพื่อเปิดหรือปิดเสียง	 Suara: Ketuk untuk menghidupkan atau mematikan suara.	 Âm thanh: Nhấn để BẬT hoặc TẮT âm thanh.	 Som: Toque para ligar ou desligar o som.	 소리: 탭하여 소리를 켜거나 끕니다.	 အသံ- အသံဖွင့်ရန် သို့မဟုတ် ပိတ်ရန် တို့ပါ။
L_60	Super Ace	超級王牌	スーパーエース	Súper as	Super Ace	Super Es	ซุปเปอร์เอซ	Kartu As Super	siêu Át	Super ás	슈퍼에이스	စူပါအေ့
L_61	AutoSpin Setting	自動旋轉設定	オートスピン設定	Configuración de giro automático	Mpangilio wa AutoSpin	AutoSpin indstilling	การตั้งค่าการหมุนอัตโนมัติ	Pengaturan Putar Otomatis	Cài đặt Tự động quay	Configuração de rotação automática	자동 회전 설정	အလိုအလျောက်လှည့်ခြင်း ဆက်တင်
L_62	Total Spins	總旋轉次數	総スピン数	Giros totales	Jumla ya Spins	Samlede spins	สปินทั้งหมด	Jumlah Putaran	Tổng số vòng quay	Total de rodadas	총 스핀	စုစုပေါင်းလှည့်ခြင်းများ
L_63	Single win ratio exceeds	單場勝率超過	単勝率超え	El ratio de ganancia única supera	Uwiano wa ushindi mmoja umezidi	Single win ratio overstiger	อัตราการชนะครั้งเดียวเกิน	Rasio kemenangan tunggal melebihi	Tỷ lệ thắng đơn vượt quá	A taxa de vitória única excede	단일 승률이 초과되었습니다.	တစ်ခုတည်းအနိုင်ရသည့်အချိုးထက် ကျော်လွန်နေသည်။
L_64	Stop if balance<	如果餘額<則停止	残高が<の場合は停止します	Detener si saldo <	Acha ikiwa usawa<	Stop hvis balance<	หยุดถ้ายอดคงเหลือ<	Berhenti jika saldo<	Dừng lại nếu cân bằng<	Pare se houver equilíbrio<	잔액이 있으면 중지<	လက်ကျန်<
L_65	Stop if "Free Game" is Activated	如果「免費遊戲」被啟動則停止	「フリーゲーム」が有効になっている場合は停止します	Detener si "Juego gratis" está activado	Acha ikiwa "Mchezo Usiolipishwa" umewashwa	Stop hvis "Gratis spil" er aktiveret	หยุดหากเปิดใช้งาน "เกมฟรี"	Hentikan jika "Game Gratis" Diaktifkan	Dừng nếu "Trò chơi miễn phí" được kích hoạt	Pare se o "Jogo Grátis" estiver ativado	"무료 게임"이 활성화된 경우 중지	"အခမဲ့ဂိမ်း" ကိုအသက်သွင်းပါကရပ်ပါ။
L_66	Cancel	取消	キャンセル	Cancelar	Ghairi	Ophæve	ยกเลิก	Membatalkan	Hủy bỏ	Cancelar	취소	မလုပ်တော့
L_67	Start	開始	始める	Comenzar	Anza	Starte	เริ่ม	Awal	Bắt đầu	Começar	시작	စတင်ပါ။
L_68	Volume Control	音量控制	ボリュームコントロール	Control de volumen	Udhibiti wa Kiasi	Lydstyrkekontrol	การควบคุมระดับเสียง	Kontrol Volume	Kiểm soát âm lượng	Controle de volume	볼륨 조절	အသံထိန်းချုပ်မှု
L_69	BackGround Music 	背景音樂	バックグラウンドミュージック 	Música de fondo 	Muziki wa BackGround 	Baggrundsmusik 	เพลงพื้นหลัง 	Musik Latar Belakang 	Trở lạiNhạc đất 	Música de fundo 	배경 음악 	BackGround သီချင်း 
L_70	Sound Effects	音效	効果音	Efectos sonoros	Athari za Sauti	Lydeffekter	เอฟเฟกต์เสียง	Efek Suara	Hiệu ứng âm thanh	Efeitos sonoros	음향 효과	အသံသက်ရောက်မှုများ
L_71	Congrats ! Free Game	恭喜！ 免費遊戲	おめでとうございます！ 無料ゲーム	Felicitaciones ! Juego Gratis	Hongera! Mchezo wa Bure	Tillykke! Gratis spil	ยินดีด้วย ! เกมฟรี	Selamat ! Permainan Gratis	Xin chúc mừng! Trò chơi miễn phí	Parabéns ! Jogo grátis	축하해요 ! 무료 게임	ဂုဏ်ပြုပါတယ် ! အခမဲ့ဂိမ်း
L_72	Spins	旋轉	スピン	Giros	Mizunguko	Spins	สปิน	Berputar	Vòng quay	Giros	스핀	ဝင်သွားသည်။
L_73	elimination Multiplier	消除乘數	消去乗数	multiplicador de eliminación	kuondoa Multiplier	eliminationsmultiplikator	ตัวคูณการกำจัด	Pengganda eliminasi	hệ số nhân loại bỏ	multiplicador de eliminação	제거 승수	ပပျောက်ရေး မြှောက်စားခြင်း။
L_74	Feature List	功能列表	機能一覧	Lista de funciones	Orodha ya vipengele	Funktionsliste	รายการคุณสมบัติ	Daftar Fitur	Danh sách tính năng	Lista de recursos	기능 목록	ထူးခြားချက်စာရင်း
L_75	Features 1	特點1	特長1	Características 1	Vipengele 1	Funktioner 1	คุณสมบัติ 1	Fitur 1	Tính năng 1	Recursos 1	특징 1	ထူးခြားချက်များ ၁
L_76	Features 2	特點2	特長2	Características 2	Vipengele 2	Funktioner 2	คุณสมบัติ 2	Fitur 2	Tính năng 2	Recursos 2	특징 2	ထူးခြားချက်များ ၂
L_77	Real Cash Mode	真實現金 模式	リアルキャッシュ モード	Dinero real Modo	Pesa Halisi Hali	Rigtige kontanter Mode	เงินสดจริง โหมด	Uang Tunai Nyata Mode	Tiền thật Cách thức	Dinheiro real Modo	실제 현금 방법	ငွေသားအစစ် မုဒ်
L_78	Click to select the demo mode	點選選擇演示模式	クリックしてデモモードを選択します	Haga clic para seleccionar el modo de demostración.	Bofya ili kuchagua hali ya onyesho	Klik for at vælge demotilstand	คลิกเพื่อเลือกโหมดสาธิต	Klik untuk memilih mode demo	Bấm để chọn chế độ demo	Clique para selecionar o modo de demonstração	데모 모드를 선택하려면 클릭하세요.	သရုပ်ပြမုဒ်ကို ရွေးချယ်ရန် နှိပ်ပါ။
L_79	System	系統	システム	Sistema	Mfumo	System	ระบบ	Sistem	Hệ thống	Sistema	체계	စနစ်
L_80	Click to confirm Real Mode	點擊確認實模式	クリックしてリアルモードを確認します	Haga clic para confirmar Modo Real	Bofya ili kuthibitisha Hali Halisi	Klik for at bekræfte Real Mode	คลิกเพื่อยืนยันโหมดเรียล	Klik untuk mengonfirmasi Mode Nyata	Nhấp để xác nhận Chế độ thực	Clique para confirmar o Modo Real	리얼 모드를 확인하려면 클릭하세요.	Real Mode ကို အတည်ပြုရန် နှိပ်ပါ။
L_81	Confirm	確認	確認する	Confirmar	Thibitisha	Bekræfte	ยืนยัน	Mengonfirmasi	Xác nhận	Confirmar	확인하다	အတည်ပြုပါ။
L_82	super	極佳的	素晴らしい	súper	mkuu	super	สุด ๆ	super	siêu	super	감독자	စူပါ
L_83	win	贏	勝つ	ganar	kushinda	vinde	ชนะ	menang	thắng	ganhar	이기다	အနိုင်ရ
L_84	CONGRATS !	恭喜！	おめでとうございます！	FELICITACIONES !	HONGERA!	TILLYKKE!	ยินดีด้วย !	SELAMAT !	CHÚC MỪNG!	PARABÉNS !	축하해요 !	ဂုဏ်ပြုပါသည် !
L_85	YOU HAVE WON	你贏了	あなたは勝ちました	HAS GANADO	UMESHINDA	DU HAR VINDET	คุณได้รับรางวัลแล้ว	ANDA TELAH MENANG	BẠN ĐÃ THẮNG	VOCÊ GANHOU	당신이 이겼습니다	သင်အနိုင်ရပြီ
L_86	Events	活動	イベント	Eventos	Matukio	Begivenheder	กิจกรรม	Acara	Sự kiện	Eventos	이벤트	အဲ့ဒါနဲ့
L_87	There are no events at the momment.Please stay tuned for upcoming activities.	目前沒有活動，請關注後續活動。	現時点ではイベントはありません。今後の活動にご期待ください。	No hay eventos en este momento. Estén atentos a las próximas actividades.	Hakuna matukio kwa sasa. Tafadhali subiri shughuli zinazokuja.	Der er ingen begivenheder i øjeblikket. Hold øje med kommende aktiviteter.	ยังไม่มีงานกิจกรรมใดๆ โปรดติดตามกิจกรรมที่กำลังจะเกิดขึ้น	Tidak ada acara saat ini. Nantikan kegiatan mendatang.	Hiện tại không có sự kiện nào. Vui lòng theo dõi các hoạt động sắp tới.	Não há eventos no momento. Fique atento às próximas atividades.	현재 진행중인 이벤트가 없습니다. 앞으로의 활동에 많은 관심 부탁드립니다.	လောလောဆယ်တွင် အစီအစဉ်များမရှိပါ။ လာမည့်လှုပ်ရှားမှုများအတွက် စောင့်မျှော်ကြည့်ရှုပါ။
L_88	Close Demo Mode to enter the game	關閉演示模式即可進入遊戲	デモモードを閉じてゲームを開始してください	Cierra el modo de demostración para ingresar al juego.	Funga Modi ya Onyesho ili kuingia kwenye mchezo	Luk Demo Mode for at komme ind i spillet	ปิดโหมดสาธิตเพื่อเข้าสู่เกม	Tutup Mode Demo untuk memasuki permainan	Đóng Demo Mode để vào game	Feche o modo de demonstração para entrar no jogo	게임에 들어가려면 데모 모드를 닫으세요.	ဂိမ်းသို့ဝင်ရောက်ရန် Demo Mode ကိုပိတ်ပါ။
L_89	Win More	贏得更多	もっと勝ちましょう	Gana más	Shinda Zaidi	Vind mere	ชนะมากขึ้น	Menangkan Lebih Banyak	Giành được nhiều hơn	Ganhe mais	더 많은 승리를 거두세요	Win More
L_90	Features	特徵	特徴	Características	Vipengele	Funktioner	คุณสมบัติ	Fitur	Đặc trưng	Características	특징	အင်္ဂါရပ်များ
L_91	After the  golden pocker Wins, it will turn into wild in the same place	黃金撲克獲勝後， 它會在同一個地方變成野生的	ゴールデンポッカーが勝った後、 同じ場所で野生化するだろう	Después de que gane la ficha dorada, se volverá salvaje en el mismo lugar	Baada ya mshikaji dhahabu Kushinda, itageuka kuwa pori mahali pale pale	Efter den gyldne pocker vinder, det bliver til vildt samme sted	หลังจากโกลเด้นป๊อกเกอร์ชนะ มันก็จะกลายเป็นป่าในที่เดียวกัน	Setelah pocker emas Menang, itu akan berubah menjadi liar di tempat yang sama	Sau khi người chơi vàng thắng, nó sẽ trở nên hoang dã ở cùng một nơi	Depois que o pocker de ouro vencer, vai virar selvagem no mesmo lugar	골든포커가 승리한 후, 같은 곳에서 야생으로 변할 거야	ရွှေအိတ်ကပ်အနိုင်ရပြီးနောက်၊ တစ်နေရာတည်းမှာ တောရိုင်းဖြစ်သွားလိမ့်မယ်။
L_92	Getting more combos will lead to a higher multiplier.	獲得更多連擊 將帶來更高的乘數。	より多くのコンボを獲得する より高い倍率につながります。	Obteniendo más combos conducirá a un multiplicador más alto.	Kupata mchanganyiko zaidi itasababisha kuzidisha kwa juu.	Får flere kombinationer vil føre til en højere multiplikator.	รับคอมโบมากขึ้น จะนำไปสู่ตัวคูณที่สูงขึ้น	Mendapatkan lebih banyak kombo akan menghasilkan pengganda yang lebih tinggi.	Nhận thêm combo sẽ dẫn tới hệ số nhân cao hơn.	Obtendo mais combos levará a um multiplicador maior.	더 많은 콤보 얻기 더 높은 승수로 이어질 것입니다.	ပေါင်းစပ်မှုများ ပိုမိုရယူပါ။ ပိုမြင့်တဲ့ မြှောက်ကိန်းကို ဖြစ်ပေါ်စေလိမ့်မယ်။
L_93	Try DEMO MODE	嘗試演示模式	デモモードを試してみる	Pruebe el MODO DEMOSTRACIÓN	Jaribu MODE DEMO	Prøv DEMO MODE	ลองโหมดสาธิต	Coba MODE DEMO	Hãy thử CHẾ ĐỘ DEMO	Experimente o MODO DEMO	데모 모드를 사용해 보세요	DEMO MODE ကိုစမ်းကြည့်ပါ။
L_94	Enter Demo Mode	進入演示模式	デモモードに入る	Ingrese al modo de demostración	Ingiza Modi ya Onyesho	Gå ind i demotilstand	เข้าสู่โหมดสาธิต	Masuk ke Mode Demo	Vào Chế độ Demo	Entre no modo de demonstração	데모 모드 시작	သရုပ်ပြမုဒ်သို့ ဝင်ပါ။
L_95	play	玩	遊ぶ	jugar	kucheza	spil	เล่น	bermain	chơi	jogar	놀다	ကစားပါ။
L_96	System	系統	システム	Sistema	Mfumo	System	ระบบ	Sistem	Hệ thống	Sistema	체계	စနစ်
L_97	There is no internet connection Please Reconnect.	沒有網路連線 請重新連接。	インターネット接続がありません 再接続してください。	No hay conexión a internet Vuelva a conectarse.	Hakuna muunganisho wa intaneti Tafadhali Unganisha Upya.	Der er ingen internetforbindelse Forbind venligst igen.	ไม่มีการเชื่อมต่ออินเทอร์เน็ต กรุณาเชื่อมต่อใหม่	Tidak ada koneksi internet Harap Sambungkan Kembali.	Không có kết nối internet Vui lòng kết nối lại.	Não há conexão com a internet Por favor, reconecte.	인터넷에 연결되어 있지 않습니다. 다시 연결해 주세요.	အင်တာနက်ချိတ်ဆက်မှု မရှိပါ။ ကျေးဇူးပြု၍ ပြန်လည်ချိတ်ဆက်ပါ။
L_98	Server Error	伺服器錯誤	サーバーエラー	Error del servidor	Hitilafu ya Seva	Serverfejl	ข้อผิดพลาดของเซิร์ฟเวอร์	Kesalahan Server	Lỗi máy chủ	Erro no servidor	서버 오류	ဆာဗာ အမှား
L_99	WIN	贏	勝つ	GANAR	SHINDA	VINDE	ชนะ	MENANG	THẮNG	GANHAR	이기다	အနိုင်ရ