CODE	ENGLISH	CHINESE	JAPAN	SPANISH	SWAHILI	DANISH	THAI	INDONESIA	VIETNAM	PORTOGUESE	KOREA	BURMESE
L_2	Hello	你好	こんにちは	Hola	Habari	Hej	สวัสดี	Halo	Xin chào	Olá	안녕하세요	မင်္ဂလာပါ
L_3	Loading....	资料载入中! 	読み込み中....	Cargando....	Inapakia....	Indlæser...	กำลังโหลด....	Memuat....	Đang tải....	Carregando....	로딩중....	တင်နေသည်....
L_4	Continue	继续	続く	Continuar	Endelea	Fortsætte	ดำเนินการต่อ	Melanjutkan	Tiếp tục	Continuar	계속하다	ဆက်ရန်
L_5	Don't show next time	下次不要显示	次回は表示しない	No mostrar la próxima vez	Usionyeshe wakati ujao	Vis ikke næste gang	อย่าแสดงครั้งต่อไป	Jangan tampilkan lain kali	Không hiển thị lần sau	Νέο πουtar a pidoma vaz 	다음에는 보여주지 마세요	နောက်တစ်ကြိမ် မပြပါနှင့်
L_6	Any 3 Symbol to win.	任 3 個符號即可獲勝。	3つのシンボルが揃えば勝ち。	Cualquier 3 símbolos para ganar.	Alama yoyote 3 kushinda.	Ethvert 3 symbol for at vinde.	สัญลักษณ์ใดๆ 3 อันเพื่อชนะ	3 Simbol apa saja untuk menang.	Bất kỳ 3 biểu tượng nào cũng thắng.	Quaisquer 3 símbolos para ganhar.	3개의 심볼을 맞추면 승리합니다.	အနိုင်ရရန် သင်္ကေတ ၃ ခု။
L_7	Special wheel,A variety of effects	專用輪子，多種效果	特殊ホイール、多彩な効果	Rueda especial, variedad de efectos.	Gurudumu maalum, athari mbalimbali	Specielt hjul, en række effekter	ล้อพิเศษ เอฟเฟกต์หลากหลาย	Roda khusus, Berbagai efek	Bánh xe đặc biệt, Nhiều hiệu ứng khác nhau	Roda especial, Uma variedade de efeitos	특수 휠, 다양한 효과	အထူးဘီး၊ သက်ရောက်မှုမျိုးစုံ
L_8	Volatility:	揮發性：	ボラティリティ:	Volatilidad:	Tete:	Volatilitet:	ความผันผวน:	Keriangan:	Độ biến động:	Pimentas	휘발성:	မတည်ငြိမ်မှု-
L_9	WIN	高分 	勝つ	GANAR	SHINDA	VINDE	ชนะ	MENANG	THẮNG	VITÓRIA	이기다	အနိုင်ရ
L_10	PLAY	PLAY	遊ぶ	JUGAR	CHEZA	SPIL	เล่น	BERMAIN	CHƠI	Jogar	놀다	ကစားပါ။
L_11	Balance	总分 	バランス	Balance	Mizani	Balance	สมดุล	Keseimbangan	Sự cân bằng	Saldo 	균형	လက်ကျန်
L_12	Bet:	押注 	ベット：	Apuesta:	Dau:	Vædde:	เดิมพัน:	Bertaruh:	Đặt cược:	Aposta:	내기:	လောင်းကြေး-
L_13	System	系统讯息	システム	Sistema	Mfumo	System	ระบบ	Sistem	Hệ thống	Sistema	체계	စနစ်
L_14	You have been idle for too long,please login again.	由于您的空闲时间过久,请重新登入。 	長時間アイドル状態が続いています。再度ログインしてください。	Ha estado inactivo durante demasiado tiempo. Inicie sesión nuevamente.	Umekuwa bila kufanya kitu kwa muda mrefu sana, tafadhali ingia tena.	Du har været inaktiv for længe, ​​log venligst ind igen.	คุณไม่ได้ใช้งานเป็นเวลานานเกินไป กรุณาเข้าสู่ระบบใหม่อีกครั้ง	Anda sudah lama tidak aktif,silakan masuk lagi.	Bạn đã không sử dụng quá lâu, vui lòng đăng nhập lại.	Você esteve ocioso por muito tempo, por favor faça o login novamente. 	너무 오랫동안 접속하지 않았습니다. 다시 로그인해 주세요.	သင် ပျင်းရိနေသည်မှာ ကြာပြီ၊ ကျေးဇူးပြု၍ ထပ်မံဝင်ရောက်ပါ။
L_15	Insufficient balance.	您的额不足。 	残高が不足しています。	Saldo insuficiente.	Usawa usiotosha.	Utilstrækkelig balance.	ยอดเงินคงเหลือไม่เพียงพอ	Saldo tidak mencukupi.	Số dư không đủ.	Saldo insuficiente.	잔액이 부족합니다.	လက်ကျန်မလုံလောက်။
L_16	Confirm	确定 	確認する	Confirmar	Thibitisha	Bekræfte	ยืนยัน	Mengonfirmasi	Xác nhận	Confirmar	확인하다	အတည်ပြုပါ။
L_17	Server connection interrupted	伺服器連線中斷	サーバー接続が中断されました	Conexión al servidor interrumpida	Muunganisho wa seva umekatizwa	Serverforbindelse afbrudt	การเชื่อมต่อเซิร์ฟเวอร์ถูกขัดจังหวะ	Koneksi server terputus	Kết nối máy chủ bị gián đoạn	Conexão do servidor interrompida	서버 연결이 중단되었습니다	ဆာဗာချိတ်ဆက်မှု ပြတ်တောက်သွားသည်။
L_18	Language	語言	言語	Idioma	Lugha	Sprog	ภาษา	Bahasa	Ngôn ngữ	Linguagem	언어	ဘာသာစကား
L_19	Translate	翻譯	翻訳する	Traducir	Tafsiri	Oversætte	แปล	Menerjemahkan	Dịch	Traduzir	번역하다	ဘာသာပြန်ပါ။
L_20	Showcase	展示	ショーケース	Escaparate	Maonyesho	Udstillingsvindue	ตู้โชว์	Memamerkan	Trưng bày	Vitrine	유리 진열장	ရှိုးကေ့
L_21	If you see [][][][][] on chinese or  special languages, do the following... /Search  for "TMP Settings"on your browser /Add  NatoSansKR,NatoSansMyanr,NatoSansTC and NatoSansThai to the "FallBack Font Assets" on "TMP Settings.	如果您在中文或特殊語言中看到 [][][][][]，請執行以下操作.../在瀏覽器中搜尋「TMP 設定」/將 NatoSansKR、NatoSansMyanr、NatoSansTC 和 NatoSansThai 新增至「TMP 設定」上的「後備字體資產」。	中国語または特殊言語で [][][][][] が表示される場合は、次の操作を行ってください... /ブラウザで「TMP 設定」を検索します /「TMP 設定」の「フォールバック フォント アセット」に NatoSansKR、NatoSansMyanr、NatoSansTC、および NatoSansThai を追加します。	Si ve [][][][][] en chino o idiomas especiales, haga lo siguiente... / Busque "Configuración TMP" en su navegador / Agregue NatoSansKR, NatoSansMyanr, NatoSansTC y NatoSansThai a "Recursos de fuentes de respaldo" en "Configuración TMP".	Ukiona [][][][][][] kwenye Kichina au lugha maalum, fanya yafuatayo... /Tafuta "Mipangilio ya TMP" kwenye kivinjari chako /Ongeza NatoSansKR,NatoSansMyanr,NatoSansTC na NatoSansThai kwenye "FallBack Font Assets" kwenye "TMP Settings.	Hvis du ser [][][][][] på kinesisk eller specialsprog, gør følgende... /Søg efter "TMP-indstillinger" i din browser /Tilføj NatoSansKR,NatoSansMyanr,NatoSansTC og NatoSansThai til "FallBack Font Assets" på "TMP-indstillinger.	หากคุณเห็น [][][][][] ในภาษาจีนหรือภาษาพิเศษ ให้ทำดังต่อไปนี้... / ค้นหา "การตั้งค่า TMP" บนเบราว์เซอร์ของคุณ / เพิ่ม NatoSansKR, NatoSansMyanr, NatoSansTC และ NatoSansThai ลงใน "ทรัพยากรฟอนต์สำรอง" บน "การตั้งค่า TMP"	Jika Anda melihat [][][][][][] pada bahasa Mandarin atau bahasa khusus, lakukan hal berikut... /Cari "Pengaturan TMP" pada peramban Anda /Tambahkan NatoSansKR, NatoSansMyanr, NatoSansTC, dan NatoSansThai ke "Aset Font FallBack" pada "Pengaturan TMP".	Nếu bạn thấy [][][][][] bằng tiếng Trung hoặc ngôn ngữ đặc biệt, hãy thực hiện như sau... /Tìm kiếm "Cài đặt TMP" trên trình duyệt của bạn /Thêm NatoSansKR, NatoSansMyanr, NatoSansTC và NatoSansThai vào "Tài sản phông chữ dự phòng" trên "Cài đặt TMP.	Se você vir [][][][][] em chinês ou idiomas especiais, faça o seguinte... /Pesquise por "Configurações TMP" no seu navegador /Adicione NatoSansKR, NatoSansMyanr, NatoSansTC e NatoSansThai aos "FallBack Font Assets" em "Configurações TMP".	중국어 또는 특수 언어에서 [][][][][]가 표시되면 다음을 수행하세요... /브라우저에서 "TMP 설정"을 검색하세요. /"TMP 설정"의 "FallBack Font Assets"에 NatoSansKR, NatoSansMyanr, NatoSansTC 및 NatoSansThai를 추가하세요.	တရုတ် သို့မဟုတ် အထူးဘာသာစကားများတွင် [][][][][] ကို သင်တွေ့ပါက၊ အောက်ပါတို့ကို လုပ်ဆောင်ပါ... /သင်၏ဘရောက်ဆာတွင် "TMP ဆက်တင်များ" ကိုရှာပါ / Add NatoSansKR၊ NatoSansMyanr၊ NatoSansTC နှင့် NatoSansThai တို့ကို "FallBack Font Assets" တွင် "TMP ဆက်တင်များ" တွင် ရှာဖွေပါ။
L_22	Feature Demo Playing	功能演示播放	機能デモ再生	Demostración de funciones en reproducción	Kipengele Demo Kucheza	Feature Demo Playing	การเล่นเดโม่คุณสมบัติ	Fitur Demo Bermain	Tính năng Demo Chơi	Demonstração de recursos em execução	기능 데모 재생	သရုပ်ပြကစားခြင်း လုပ်ဆောင်ချက်
L_23	After the  golden pocker wins, it will turn into wild in the same place	親金扑克、翻转百搭连线最大奖 	ゴールデンポーカーが勝利すると、同じ場所でワイルドに変わります	Después de que el pocker dorado gane, se convertirá en comodín en el mismo lugar.	Baada ya pocker ya dhahabu kushinda, itageuka kuwa pori mahali pale pale	Efter den gyldne pocker vinder, det bliver til vildt samme sted	หลังจากที่โป๊กเกอร์ทองชนะแล้ว มันจะกลายเป็นไวลด์ที่เดิม	Setelah poker emas menang, ia akan berubah menjadi liar di tempat yang sama	Sau khi pocker vàng thắng, nó sẽ chuyển thành wild ở cùng một nơi	Depois que o Golden Poker vencer, ele se tornará Wild no mesmo lugar	골든 포커가 승리하면 같은 장소에서 와일드로 변합니다.	ရွှေအိတ်ကပ်အနိုင်ရပြီးနောက်၊ တစ်နေရာတည်းမှာ တောရိုင်းဖြစ်သွားလိမ့်မယ်။
L_24	Getting more combos will lead to a higher multiplier.	消除氣堂、combo越多、倍率越高	コンボが増えると乗数が高くなります。	Obtener más combos dará como resultado un multiplicador más alto.	Kupata michanganyiko zaidi kutapelekea kizidishaji cha juu zaidi.	At få flere kombinationer vil føre til en højere multiplikator.	การได้รับคอมโบมากขึ้นจะนำไปสู่ตัวคูณที่สูงขึ้น	Mendapatkan lebih banyak kombo akan menghasilkan pengali yang lebih tinggi.	Có được nhiều combo hơn sẽ dẫn đến hệ số nhân cao hơn.	Conseguir mais combos resultará em um multiplicador maior.	콤보가 많을수록 승수도 높아집니다.	ပေါင်းစည်းမှုများ ပိုမိုရယူခြင်းသည် ပိုမိုများပြားသော မြှောက်ကိန်းကို ဦးတည်စေမည်ဖြစ်သည်။
L_25	Loading....	资料载入中! 	読み込み中....	Cargando....	Inapakia....	Indlæser...	กำลังโหลด....	Memuat....	Đang tải....	Carregando....	로딩중....	တင်နေသည်....
L_26	Continue	继续	続く	Continuar	Endelea	Fortsætte	ดำเนินการต่อ	Melanjutkan	Tiếp tục	Continuar	계속하다	ဆက်ရန်
L_27	Don't show next time	下次不要显示	次回は表示しない	No mostrar la próxima vez	Usionyeshe wakati ujao	Vis ikke næste gang	อย่าแสดงครั้งต่อไป	Jangan tampilkan lain kali	Không hiển thị lần sau	Νέο πουtar a pidoma vaz 	다음에는 보여주지 마세요	နောက်တစ်ကြိမ် မပြပါနှင့်
L_28	Load high quality next time	下次加載高品質	次回は高画質で読み込みます	La próxima vez cargue en alta calidad	Pakia ubora wa juu wakati ujao	Indlæs høj kvalitet næste gang	โหลดคุณภาพสูงในครั้งต่อไป	Muat kualitas tinggi lain kali	Tải chất lượng cao lần sau	Carregue alta qualidade na próxima vez	다음에는 고화질로 불러오세요	နောက်တစ်ကြိမ် အရည်အသွေးမြင့်တင်ပါ။
L_29	FREE SPIN	免費旋轉	フリースピン	GIRO GRATIS	SPIN BURE	GRATIS SPIN	สปินฟรี	PUTARAN GRATIS	VÒNG QUAY MIỄN PHÍ	RODADA GRÁTIS	무료 스핀	အခမဲ့လှည့်ပါ။
L_30	c	c	c	do	c	c	ซี	C	c	c	기음	ဂ
L_31	o	b	o	o	o	o	โอ้	Hai	ôi	o	영형	o
L_32	m	m	メートル	metro	m	m	ม.	M	tôi	m	중	ဍ
L_33	b	b	b	b	b	b	บี	B	b	b	비	ခ
L_34	o	o	o	o	o	o	โอ้	Hai	ôi	o	영형	o
L_35	Feature Demo Playing	功能演示播放	機能デモ再生	Demostración de funciones en reproducción	Kipengele Demo Kucheza	Feature Demo Playing	การเล่นเดโม่คุณสมบัติ	Fitur Demo Bermain	Tính năng Demo Chơi	Demonstração de recursos em execução	기능 데모 재생	သရုပ်ပြကစားခြင်း လုပ်ဆောင်ချက်
L_36	jili	jili	ジリ	Jili	jili	jili	จิลี่	jili	jili	jili	질리	ဂျလီ
L_37	Demo win	演示獲勝	デモ勝利	Demo win	Ushindi wa demo	Demo vinder	ชนะการสาธิต	Kemenangan demo	Chiến thắng bản demo	Vitória de demonstração	데모 승리	ဒီမိုအနိုင်ရ
L_38	V_175_0043	V_175_0043	V_175_0043	V_175_0043	V_175_0043	V_175_0043	วี_175_0043	V_175_0043	V_175_0043	V_175_0043	V_175_0043	V_175_0043
L_39	Golden Card	黄金扑克牌 	ゴールデンカード	Tarjeta dorada	Kadi ya Dhahabu	Gyldent kort	การ์ดสีทอง	Kartu Emas	Thẻ Vàng	Carta Dourada	골든 카드	ရွှေကတ်
L_40	1.“Golden Card” will only appear \n    at reels 2, 3, and 4.\n2."Golden Symbol" will flip and\n    transform to "Joker Symbol" after \n    elimination.\n3."Golden Symbol" substitutes for \n    the "Normal symbol" pays and \n    eliminates.	1.「黄金扑克牌」仅会在第2、3、4轮出现。 \n 2.「黃金扑克牌」与「普通扑克牌」可视为相同图案,消除进行对奖。 \n 3.「黃金扑克牌」被消除时,会在原位置翻转,变成「小丑鬼牌」 	1.「ゴールデン カード」はリール 2、3、4 にのみ表示されます。\n2.「ゴールデン シンボル」は反転し、消滅後に「ジョーカー シンボル」に変化します。\n3.「ゴールデン シンボル」は「通常シンボル」の代わりに使用され、消滅します。	1. La "Tarjeta Dorada" solo aparecerá en los carretes 2, 3 y 4. 2. El "Símbolo Dorado" se volteará y se transformará en un "Símbolo Joker" después de la eliminación. 3. El "Símbolo Dorado" sustituye al "Símbolo Normal", paga y elimina.	1.“Golden Card” itaonekana tu \n kwenye reli 2, 3, na 4.\n2."Alama ya Dhahabu" itageuka na\n kubadilika kuwa "Alama ya Joker" baada ya \n kuondolewa.\n3."Alama ya Dhahabu" mbadala za \n "Alama ya Kawaida" inalipa na \n kuondoa.	1."Golden Card" vises kun \n på hjul 2, 3 og 4.\n2."Golden Symbol" vil vende og\n omdannes til "Joker Symbol" efter \n eliminering.\n3."Golden Symbol" erstatter \n "Det normale symbol" betaler og \n eliminerer.	1.“ไพ่ทองคำ” จะปรากฏที่รีล 2, 3 และ 4 เท่านั้น\n2.“สัญลักษณ์ทองคำ” จะพลิกและ\n เปลี่ยนเป็น “สัญลักษณ์โจ๊กเกอร์” หลังจาก\nถูกคัดออก\n3.“สัญลักษณ์ทองคำ” แทนที่\nการจ่ายเงินรางวัลของ “สัญลักษณ์ปกติ” และ\nถูกคัดออก	1. "Kartu Emas" hanya akan muncul di gulungan 2, 3, dan 4. 2. "Simbol Emas" akan berbalik dan berubah menjadi "Simbol Joker" setelah eliminasi. 3. "Simbol Emas" menggantikan "Simbol Normal" dan membayar serta eliminasi.	1. “Thẻ vàng” chỉ xuất hiện \n ở guồng 2, 3 và 4.\n2."Biểu tượng vàng" sẽ lật và\n biến thành "Biểu tượng Joker" sau khi \n loại bỏ.\n3."Biểu tượng vàng" thay thế cho \n "Biểu tượng bình thường" trả thưởng và \n loại bỏ.	1. A "Carta Dourada" só aparecerá nas \n bobinas 2, 3, e 4.\n 2. Quando uma "Carta Dourada" é \n eliminada, ela irá virar em sua \n posição original e se tornará uma \n"Carta Coringa".\n 3. A "Carta Dourada" e a "Carta \n Normal" podem ser vistas como o \n mesmo padrão, eliminadas com \n acertos.\n	1. "골든 카드"는 릴 2, 3, 4에만 나타납니다. 2. "골든 심볼"은 제거 후 뒤집히고 "조커 심볼"로 변형됩니다. 3. "골든 심볼"은 "일반 심볼"을 대체하여 지불하고 제거합니다.	1.“Golden Card” သည် \n reels 2၊ 3၊ နှင့် 4 တွင်သာ ပေါ်လာပါမည်။\n2.ရွှေသင်္ကေတ" သည် \nဖယ်ရှားပြီးနောက် "Joker Symbol" အဖြစ်သို့ ပြောင်းလဲသွားပါမည်။\n3"ရွှေသင်္ကေတ" ကို \n "သာမန်သင်္ကေတ" နှင့် \n အစားထိုးမှုများကို ဖယ်ရှားပါသည်။
L_41	Joker Card	小丑鬼牌 	ジョーカーカード	Carta Joker	Kadi ya Joker	Joker kort	ไพ่โจ๊กเกอร์	Kartu Joker	Lá bài Joker	Carta Coringa	조커 카드	ဂျိုကာကတ်
L_42	1.The "Joker Symbol" only transform \n    from "Golden Symbol" of \n    elimination.\n2. The “Joker Card” comes in two\n    modes: “Big Joker Card” and \n    “Little Joker Card”.\n3. Landing the "Big Joker Symbol", \n    it will replace 1 to 4 number of \n    symbols (Except the Scatter \n    and Joker Symbol)randomly\n    pick on reel 2 to 5 by "Big Joker \n    Symbol".\n4. Landing the "Little Joker Symbol",\n    The "Golden Symbol" transform \n    to"Joker Symbol" only.\n 5. "Joker Symbol" substitutes for all\n    symbols except Scatter.	1 .「小丑鬼牌」仅能透过消除「黄金扑克牌」后,才会出现。 \n 2.「小丑鬼牌」分为“大鬼牌」、「小鬼牌」两种模式。 \n 3.『大鬼牌。出现后,原「黃金扑克牌」位置变成「大鬼牌」,并随机复制「大鬼牌」取代其他符号\n  4.『小鬼牌』出现后,仅「黄金扑克牌」原位置会变成「小鬼牌』。\n  5.「小丑鬼牌」等同于百搭符号,可代薯除Scatter以外,所有其他符号。 	1.「ジョーカーシンボル」は、\n除去の「ゴールデンシンボル」からのみ変換されます。\n2.「ジョーカーカード」には、「ビッグジョーカーカード」と「リトルジョーカーカード」の2つのモードがあります。\n3.「ビッグジョーカーシンボル」が出現すると、リール2～5でランダムに選ばれた1～4個のシンボル（スキャッターとジョーカーシンボルを除く）が「ビッグジョーカーシンボル」に置き換えられます。\n4.「リトルジョーカーシンボル」が出現すると、「ゴールデンシンボル」は「ジョーカーシンボル」にのみ変換されます。\n5.「ジョーカーシンボル」は、スキャッターを除くすべてのシンボルの代わりになります。	1. El símbolo de Joker solo se transforma en símbolo dorado en caso de eliminación. 2. El Joker viene en dos modalidades: Joker grande y Joker pequeño. 3. Al obtener el Joker grande, este reemplazará de 1 a 4 símbolos (excepto el Scatter y el Joker) aleatoriamente en los rodillos 2 a 5 por el Joker grande. 4. Al obtener el Joker pequeño, el símbolo dorado se transforma únicamente en Joker. 5. El Joker sustituye a todos los símbolos excepto al Scatter.	1. "Alama ya Joker" hubadilisha tu \n kutoka "Alama ya Dhahabu" ya \n kuondoa.\n2. “Joker Card” inakuja katika hali mbili\n: “Big Joker Card” na \n “Little Joker Card”.\n3. Inatua "Alama Kubwa ya Kicheshi", \n itachukua nafasi ya nambari 1 hadi 4 ya \n alama (Ila Alama ya Kutawanya \n na Kicheshi) bila mpangilio\n chagua reel 2 hadi 5 kwa "Alama Kubwa ya Joker \n".\n4. Inatua "Alama Ndogo ya Kicheshi",\n "Alama ya Dhahabu" hubadilisha \n kuwa "Alama ya Kicheshi" pekee.\n 5. "Alama ya Kicheshi" mbadala za alama\n zote isipokuwa Scatter.	1. "Joker Symbol" transformerer kun \n fra "Golden Symbol" for \n eliminering.\n2. "Joker Card" kommer i to\n tilstande: "Big Joker Card" og \n "Little Joker Card".\n3. Lander "Big Joker Symbol", \n vil det erstatte 1 til 4 antal \n symboler (undtagen Scatter \n og Joker Symbol) tilfældigt\n vælg på hjul 2 til 5 med "Big Joker \n Symbol".\n4. Lander "Lille Joker Symbol",\n Det "Gyldne Symbol" transformerer \n kun til "Joker Symbol".\n 5. "Joker Symbol" erstatter alle\n symboler undtagen Scatter.	1. "สัญลักษณ์โจ๊กเกอร์" จะแปลงจาก "สัญลักษณ์ทองคำ" ของรอบคัดเลือกเท่านั้น 2. "ไพ่โจ๊กเกอร์" มี 2 โหมด ได้แก่ "ไพ่โจ๊กเกอร์ตัวใหญ่" และ "ไพ่โจ๊กเกอร์ตัวเล็ก" 3. เมื่อได้ "สัญลักษณ์โจ๊กเกอร์ตัวใหญ่" สัญลักษณ์จะแทนที่สัญลักษณ์ 1 ถึง 4 ตัว (ยกเว้นสัญลักษณ์สแคทเตอร์และสัญลักษณ์โจ๊กเกอร์) แบบสุ่มบนรีล 2 ถึง 5 ด้วย "สัญลักษณ์โจ๊กเกอร์ตัวใหญ่" 4. เมื่อได้ "สัญลักษณ์โจ๊กเกอร์ตัวเล็ก" สัญลักษณ์ทองคำจะแปลงเป็น "สัญลักษณ์โจ๊กเกอร์" เท่านั้น 5. "สัญลักษณ์โจ๊กเกอร์" แทนที่สัญลักษณ์ทั้งหมด ยกเว้นสแคทเตอร์	1. "Simbol Joker" hanya berubah dari "Simbol Emas" dari eliminasi. 2. "Kartu Joker" hadir dalam dua mode: "Kartu Joker Besar" dan "Kartu Joker Kecil". 3. Jika muncul "Simbol Joker Besar", maka akan menggantikan 1 hingga 4 simbol (Kecuali Scatter dan Simbol Joker) secara acak pada gulungan 2 hingga 5 dengan "Simbol Joker Besar". 4. Jika muncul "Simbol Joker Kecil", maka "Simbol Emas" akan berubah menjadi "Simbol Joker" saja. 5. "Simbol Joker" menggantikan semua simbol kecuali Scatter.	1. "Biểu tượng Joker" chỉ chuyển đổi \n từ "Biểu tượng vàng" của \n loại trừ.\n2. "Thẻ Joker" có hai chế độ\n: "Thẻ Joker lớn" và \n "Thẻ Joker nhỏ".\n3. Khi hạ cánh "Biểu tượng Joker lớn", \n nó sẽ thay thế 1 đến 4 biểu tượng \n (Ngoại trừ Biểu tượng Scatter \n và Biểu tượng Joker) một cách ngẫu nhiên\n chọn trên cuộn 2 đến 5 bằng "Biểu tượng Joker lớn \n".\n4. Khi hạ cánh "Biểu tượng Joker nhỏ", \n "Biểu tượng vàng" chỉ chuyển đổi \n thành "Biểu tượng Joker".\n5. "Biểu tượng Joker" thay thế cho tất cả\n biểu tượng ngoại trừ Scatter.	1. A "Carta Coringa" só aparecerá \n depois que uma "Carta Dourada" for \n eliminada. \n 2. A "Carta Coringa" vem em duas \n modalidades: "Carta Coringa  \n Grande" e "Carta Coringa Pequena". \n  3. Quando a "Carta Coringa Grande" \n aparecer, a posição original da \n "Carta Dourada" se tornará uma \n "Carta Coringa Grande", e a "Carta  \n Coringa Grande" será replicada \n aleatoriamente e substituirá os \n outros símbolos.\n 4. Quando a "Carta Coringa Pequena" \n aparecer, somente a posição original \n da "Carta Dourada" se tornará uma \n "Carta Coringa Pequena".\n 5. Uma "Carta Coringa" é equivalente a \n um símbolo Coringa, o que significa \n que ele pode substituir qualquer \n outro símbolo, exceto o Scatter.\n 	1. "조커 심볼"은 제거 시 "골든 심볼"로만 변환됩니다. 2. "조커 카드"는 "빅 조커 카드"와 "리틀 조커 카드"의 두 가지 모드로 제공됩니다. 3. "빅 조커 심볼"이 나오면 릴 2~5에서 무작위로 선택된 1~4개의 심볼(스캐터 심볼과 조커 심볼 제외)을 "빅 조커 심볼"로 대체합니다. 4. "리틀 조커 심볼"이 나오면 "골든 심볼"은 "조커 심볼"로만 변환됩니다. 5. "조커 심볼"은 스캐터를 제외한 모든 심볼을 대체합니다.	1. "Joker Symbol" သည် \n ဖယ်ရှားခြင်း၏ "Golden Symbol" မှသာလျှင် ပြောင်းလဲပါသည်။\n2။ “Joker Card” တွင်\nမုဒ်နှစ်ခုရှိသည်- “Big Joker Card” နှင့် \n “Little Joker Card”။\n၃။ "Big Joker သင်္ကေတ" ကို ဆင်းသက်ခြင်း \n ၎င်းသည် \n သင်္ကေတ နံပါတ် 1 မှ 4 အထိ အစားထိုးမည် (Scatter \n နှင့် Joker သင်္ကေတမှလွဲ၍) ကျပန်း\n "Big Joker \n Symbol" ဖြင့် ရီလာ 2 မှ 5 ကို ရွေးပါ\n4။ "Little Joker Symbol",\n "Golden Symbol" ကို \n "Joker Symbol" ကိုသာ ပြောင်းလဲလိုက်ပါ။\n 5. Scatter မှလွဲ၍ \n သင်္ကေတအားလုံးအတွက် "Joker Symbol" ကို အစားထိုးမှုများ။
L_43	Combo Multiplier	消除乘倍 	コンボ乗数	Multiplicador combinado	Mchanganyiko wa Kuzidisha	Combo multiplikator	ตัวคูณคอมโบ	Pengganda Kombo	Hệ số nhân kết hợp	Multiplicador de Eliminação	콤보 멀티플라이어	ပေါင်းစပ်ကိန်းဂဏန်း
L_44	1. "The Combo Multiplier" has \n   4 levels as  x1, x2, x3,x5 in normal game.\n2. All wins and pays are multiplied by the\n    "Combo Multiplier".\n3. The "Combo Multiplier" is start from x1 for\n    first elimination of wins and pays.\n 4. The "Combo Multiplier" is increased to \n    x2 after elimination of any wins and pays\n   from multiplier level as x1.\n5. The "Combo Multiplier" is increased to x3 \n   after elimination of any wins and pays \n   from multiplier level as x2. \n6. The "Combo Multiplier" is\n   increased to x5 after elimination of \n   any wins and pays from multiplier level as \n   x3.\n7. The "Combo Multiplier" resets to x1 by no \n   wins and pays of for starts the next spin.	1一般游戏中。「消除乘倍」显示为 x1 x2 x3x5 \n 2.每次进行消除后的赢分对奖,應分都会承上目前“消除承倍。上面的数 \n 3.每次旋转的「第一次对奖」都从1开始计算。 \n 4. 每次旋转内「第一次对奖」只要中任意奖,都能让第二次对奖的「消除乘倍。提升一阶到x2 \n 5. 每次旋转内「第二次对奖」只要中任意奖,都能让第三次对奖的「消除乘倍。提升一阶到x3 \n 6. 每次旋转内「第四次对奖」只要中任意奖,都能让第四次(含以后)对奖的 *消除乘倍。提升一阶到x5。\n  7.当无法对奖时「消除承倍,回归到第一阶x1,并进行下一次的旋转。 	1. 通常ゲームでは、「コンボ マルチプライヤー」には x1、x2、x3、x5 の 4 つのレベルがあります。\n2. すべての勝利と支払いは、「コンボ マルチプライヤー」で乗算されます。\n3. 勝利と支払いが最初に除去されたとき、「コンボ マルチプライヤー」は x1 から始まります。\n4. 勝利と支払いが除去された後、マルチプライヤーは x1 から x2 に増加します。\n5. 勝利と支払いが除去された後、マルチプライヤーは x2 から x3 に増加します。\n6. 勝利と支払いが除去された後、マルチプライヤーは x3 から x5 に増加します。\n7. 「コンボ乗数」は、勝利すると x1 にリセットされ、次のスピンが開始されます。	1. El "Multiplicador Combo" tiene 4 niveles: x1, x2, x3, x5 en el juego normal. 2. Todas las ganancias y premios se multiplican por el "Multiplicador Combo". 3. El "Multiplicador Combo" comienza desde x1 al eliminar las ganancias y premios. 4. El "Multiplicador Combo" aumenta a x2 tras eliminar cualquier ganancia y paga x1 desde el nivel del multiplicador. 5. El "Multiplicador Combo" aumenta a x3 tras eliminar cualquier ganancia y paga x2 desde el nivel del multiplicador. 6. El "Multiplicador Combo" aumenta a x5 tras eliminar cualquier ganancia y paga x3 desde el nivel del multiplicador. 7. El "Multiplicador Combo" se restablece a x1 al no obtener ganancias y paga al comenzar el siguiente giro.	1. "The Combo Multiplier" ina \n viwango 4 kama x1, x2, x3,x5 katika mchezo wa kawaida.\n2. Ushindi na malipo yote yanazidishwa na\n "Kizidishi cha Mchanganyiko".\n3. "Combo Multiplier" inaanza kutoka x1 kwa\n kuondoa kwa mara ya kwanza ushindi na malipo.\n 4. "Kizidishi cha Mchanganyiko" kinaongezwa hadi \n x2 baada ya kuondolewa kwa ushindi wowote na kulipa\n kutoka kwa kiwango cha vizidishi kama x1.\n5. "Combo Multiplier" inaongezwa hadi x3 \n baada ya kuondolewa kwa ushindi wowote na hulipa \n kutoka kwa kiwango cha vizidishi kama x2. \n6. "Combo Multiplier" imeongezwa\n hadi x5 baada ya kuondolewa \n ushindi wowote na hulipa kutoka kwa kiwango cha vizidishi kama \n x3.\n7. "Combo Multiplier" huwekwa upya hadi x1 bila \n kushinda na kulipia huanza mzunguko unaofuata.	1. "The Combo Multiplier" har \n 4 niveauer som x1, x2, x3,x5 i normalt spil.\n2. Alle gevinster og udbetalinger ganges med\n "Kombomultiplikatoren".\n3. "Kombomultiplikatoren" starter fra x1 for\n første eliminering af gevinster og udbetalinger.\n 4. "Kombomultiplikatoren" øges til \n x2 efter eliminering af eventuelle gevinster og betaler\n fra multiplikatorniveau som x1.\n5. "Kombomultiplikatoren" øges til x3 \n efter eliminering af eventuelle gevinster og betaler \n fra multiplikatorniveau som x2. \n6. "Kombomultiplikatoren" øges\n til x5 efter eliminering af \n eventuelle gevinster og betaler fra multiplikatorniveau som \n x3.\n7. "Kombomultiplikatoren" nulstilles til x1 uden \n gevinster og betaler for starter næste spin.	1. "ตัวคูณคอมโบ" มี 4 ระดับคือ x1, x2, x3, x5 ในเกมปกติ 2. การชนะและการจ่ายเงินทั้งหมดจะคูณด้วย "ตัวคูณคอมโบ" 3. "ตัวคูณคอมโบ" เริ่มจาก x1 สำหรับการกำจัดการชนะและการจ่ายเงินครั้งแรก 4. "ตัวคูณคอมโบ" จะเพิ่มขึ้นเป็น x2 หลังจากการกำจัดการชนะใดๆ และการจ่ายเงินจากระดับตัวคูณเป็น x1 5. "ตัวคูณคอมโบ" จะเพิ่มขึ้นเป็น x3 หลังจากการกำจัดการชนะใดๆ และการจ่ายเงินจากระดับตัวคูณเป็น x2 6. "ตัวคูณคอมโบ" จะเพิ่มขึ้นเป็น x5 หลังจากการกำจัดการชนะใดๆ และการจ่ายเงินจากระดับตัวคูณเป็น x3 7. "ตัวคูณคอมโบ" จะรีเซ็ตเป็น x1 หากไม่มีชัยชนะ \n และจ่ายเงินเมื่อเริ่มการหมุนครั้งถัดไป	1. "Pengali Kombo" memiliki 4 level sebagai x1, x2, x3, x5 dalam permainan normal. 2. Semua kemenangan dan pembayaran dikalikan dengan "Pengali Kombo". 3. "Pengali Kombo" dimulai dari x1 untuk eliminasi pertama kemenangan dan pembayaran. 4. "Pengali Kombo" ditingkatkan menjadi x2 setelah eliminasi semua kemenangan dan pembayaran dari level pengganda sebagai x1. 5. "Pengali Kombo" ditingkatkan menjadi x3 setelah eliminasi semua kemenangan dan pembayaran dari level pengganda sebagai x2. 6. "Pengali Kombo" ditingkatkan menjadi x5 setelah eliminasi semua kemenangan dan pembayaran dari level pengganda sebagai x3. 7. "Pengali Kombo" disetel ulang ke x1 tanpa kemenangan dan pembayaran untuk memulai putaran berikutnya.	1. "Bộ nhân Combo" có \n 4 cấp độ là x1, x2, x3, x5 trong trò chơi bình thường.\n2. Tất cả các chiến thắng và tiền thưởng được nhân với \n "Bộ nhân Combo".\n3. "Bộ nhân Combo" bắt đầu từ x1 cho\n lần loại bỏ đầu tiên các chiến thắng và tiền thưởng.\n 4. "Bộ nhân Combo" được tăng lên \n x2 sau khi loại bỏ bất kỳ chiến thắng và tiền thưởng nào\n từ cấp độ nhân là x1.\n5. "Bộ nhân Combo" được tăng lên x3 \n sau khi loại bỏ bất kỳ chiến thắng nào và tiền thưởng \n từ cấp độ nhân là x2. \n6. "Bộ nhân Combo" được\n tăng lên x5 sau khi loại bỏ \n bất kỳ chiến thắng và tiền thưởng nào từ cấp độ nhân là \n x3.\n7. "Bộ nhân Combo" được đặt lại thành x1 khi không có \n chiến thắng và tiền thưởng nào trong vòng quay tiếp theo.	1. Em um jogo geral, o "Multiplicador \n de eliminação" é exibido como "x1\n , x2, x3, x5".\n  2. Para os pontos ganhos após cada \n  golpe de eliminação, os pontos \n vencedores serão multiplicados pelo\n  valor atual no "Multiplicador de \n Eliminação".\n  3. A "primeira partida" para cada \n rodada é contada a partir de x1.\n  4. Desde que a "primeira partida" em \n cada rodada ganhe um prêmio, o \n "Multiplicador de Eliminação" da \n segunda partida pode ser\n  aumentado em um nível até x2.\n  5. Desde que a "segunda partida" em  \n cada rodada ganhe um prêmio, o \n  "Multiplicador de eliminação" da \n terceira partida pode ser aumentado \n em um nível, até x3.\n  6. Desde que a "quarta partida" em \n cada rodada ganhe um prêmio, o \n "Multiplicador de eliminação" da \n quarta partida (e depois) pode ser\n  aumentado em um nível até x5.\n  7. Quando não for possível mais \n nenhum acerto, o "Multiplicador de \n  Eliminação" retorna ao nível um, x1\n , e prossegue para o próximo spin.\n 	1. "콤보 배수"는 일반 게임에서 x1, x2, x3, x5의 4단계로 구성됩니다. 2. 모든 승리와 지급액은 "콤보 배수"에 곱해집니다. 3. "콤보 배수"는 승리와 지급액이 처음 제거될 때 x1부터 시작합니다. 4. 승리가 제거되면 "콤보 배수"는 x2로 증가하고 배수 레벨에서 x1만큼 지급됩니다. 5. 승리가 제거되면 "콤보 배수"는 x3으로 증가하고 배수 레벨에서 x2만큼 지급됩니다. 6. 승리가 제거되면 "콤보 배수"는 x5로 증가하고 배수 레벨에서 x3만큼 지급됩니다. 7. "콤보 배수"는 승리하지 못하면 x1로 재설정되고 다음 스핀을 시작할 때 지불됩니다.	1. "Combo Multiplier" တွင် ပုံမှန်ဂိမ်းတွင် x1၊ x2၊ x3,x5 ကဲ့သို့ အဆင့် 4 ဆင့်ရှိသည်။\n2။ အနိုင်ရခြင်းနှင့် ပေးချေမှုအားလုံးကို\n "ပေါင်းစပ်ကိန်းဂဏန်း" ဖြင့် မြှောက်ထားသည်။\n3။ "Combo Multiplier" သည် \n ပထမအကြိမ်အနိုင်ရခြင်းနှင့် ပေးချေမှုများကို ဖယ်ရှားခြင်းအတွက် x1 မှ စတင်ပါသည်။\n 4. "Combo Multiplier" သည် အနိုင်ရခြင်းနှင့် ပေးချေမှုများကို ဖယ်ရှားပြီးနောက် \n x2 သို့ တိုးလာသည်\n x1 အဖြစ် မြှောက်ကိန်းအဆင့်မှ x1။\n5။ မည်သည့်အနိုင်ကိုမဆို ဖယ်ရှားပြီးနောက် \n မြှောက်ပေးသည့်အဆင့်မှ x2 မှ \n "ပေါင်းစပ်အမြောက်အများ" ကို x3 သို့ တိုးထားသည်။ \n၆။ \n ပေါင်းခြင်းအဆင့်မှ \n x3 အဖြစ် အနိုင်ရပြီး ပေးချေမှုများအား ဖယ်ရှားပြီးနောက် "ပေါင်းစပ်အမြှောက်" ကို \n x5 သို့ တိုးထားသည်။\n7။ "Combo Multiplier" သည် နောက်လှည့်ခြင်းစတင်ခြင်းအတွက် \n အနိုင်ရခြင်းနှင့် ပေးချေခြင်းများကို x1 သို့ ပြန်လည်သတ်မှတ်သည်။
L_45	Free Game	免费游戏	無料ゲーム	Juego gratis	Mchezo wa Bure	Gratis spil	เกมฟรี	Permainan Gratis	Trò chơi miễn phí	Jogo Grátis	무료 게임	အခမဲ့ဂိမ်း
L_46	1. Landing 3 or more <sprite name=Hint_3_1_scatter>  will\n    trigger the Free Game with 10 free \n    spins.\n2. "The Combo Multiplier" has 4 levels \n    as x2, x4, x6, x10 in Free Game.\n3. Rule of Free Game are same as \n    the normal game, only difference in\n    the "Combo Multiplier" level. 4. Landing 3 \n    <sprite name=Hint_3_1_scatter>  in the Free Game will trigger addition \n    5 free  spin which is available to stack.	1.收集三个即赠送<sprite name=Hint_3_1_scatter> 局的免费游戏。 \n 2. 免费游戏中“消除乘倍。为一般游戏的两倍,提升为「x2x4x6 \n 3. 免费游戏中,消除乘倍。规则与一般游戏相同,仅「消除乘倍」数值为一般游戏的两倍。\n  4. 免费<sprite name=Hint_3_1_scatter> 游戏中再收集到三个加贈5局免费游戏,可重复震积。 	1. 3 つ以上の <sprite name=Hint_3_1_scatter> が揃うと、10 回のフリースピンを含むフリーゲームが開始されます。\n2. フリーゲームの「コンボ マルチプライヤー」には、x2、x4、x6、x10 の 4 つのレベルがあります。\n3. フリーゲームのルールは通常のゲームと同じですが、「コンボ マルチプライヤー」レベルのみが異なります。4. フリーゲームで 3 つの <sprite name=Hint_3_1_scatter> が揃うと、スタック可能な 5 回のフリースピンが追加されます。	1. Si aparecen 3 o más <sprite name=Hint_3_1_scatter>, se activará el Juego Gratis con 10 giros gratis. 2. El Multiplicador de Combo tiene 4 niveles: x2, x4, x6 y x10 en el Juego Gratis. 3. Las reglas del Juego Gratis son las mismas que las del juego normal, con la única diferencia en el nivel del Multiplicador de Combo. 4. Si aparecen 3 <sprite name=Hint_3_1_scatter> en el Juego Gratis, se activarán 5 giros gratis adicionales que se pueden acumular.	1. Kutua 3 au zaidi <sprite name=Hint_3_1_scatter> kuta\nanzisha Mchezo Bila malipo kwa mizunguko 10 ya \n bila malipo.\n2. "Combo Multiplier" ina viwango 4 \n kama x2, x4, x6, x10 katika Mchezo Usiolipishwa.\n3. Sheria ya Mchezo Bila Malipo ni sawa na \n mchezo wa kawaida, tofauti pekee katika\n kiwango cha "Combo Multiplier". 4. Kutua 3 \n <sprite name=Hint_3_1_scatter> kwenye Mchezo Bila malipo kutaanzisha nyongeza \n 5 za kuzunguka bila malipo ambazo zinapatikana kwa rafu.	1. Lander du 3 eller flere <sprite name=Hint_3_1_scatter> vil\n udløse det gratis spil med 10 gratis \n spins.\n2. "The Combo Multiplier" har 4 niveauer \n som x2, x4, x6, x10 i gratis spil.\n3. Reglen for gratis spil er de samme som \n det normale spil, kun forskel i\n "Combo Multiplier"-niveauet. 4. Landing 3 \n <sprite name=Hint_3_1_scatter> i det gratis spil vil udløse tilføjelse af \n 5 gratis spin, som er tilgængeligt at stable.	1. การได้ <sprite name=Hint_3_1_scatter> 3 อันขึ้นไปจะทำให้เกิดฟรีสปิน 10 ครั้ง\n2. "ตัวคูณคอมโบ" มี 4 ระดับ \n เป็น x2, x4, x6, x10 ในเกมฟรี\n3. กฎของเกมฟรีจะเหมือนกับเกมปกติ ต่างกันแค่ระดับ "ตัวคูณคอมโบ" 4. การได้ <sprite name=Hint_3_1_scatter> 3 อันขึ้นไปในเกมฟรีจะทำให้เกิดฟรีสปินเพิ่มอีก 5 ครั้งซึ่งสามารถซ้อนกันได้	1. Mendaratkan 3 atau lebih <sprite name=Hint_3_1_scatter> akan memicu Permainan Gratis dengan 10 putaran gratis. 2. "Pengganda Kombo" memiliki 4 level seperti x2, x4, x6, x10 dalam Permainan Gratis. 3. Aturan Permainan Gratis sama dengan permainan normal, hanya perbedaannya pada level "Pengganda Kombo". 4. Mendaratkan 3 <sprite name=Hint_3_1_scatter> dalam Permainan Gratis akan memicu tambahan 5 putaran gratis yang tersedia untuk ditumpuk.	1. Hạ cánh 3 hoặc nhiều hơn <sprite name=Hint_3_1_scatter> sẽ kích hoạt Trò chơi miễn phí với 10 lượt quay miễn phí.\n2. "Bộ nhân Combo" có 4 cấp độ \n là x2, x4, x6, x10 trong Trò chơi miễn phí.\n3. Luật của Trò chơi miễn phí giống như \n trò chơi bình thường, chỉ khác ở cấp độ "Bộ nhân Combo". 4. Hạ cánh 3 \n <sprite name=Hint_3_1_scatter> trong Trò chơi miễn phí sẽ kích hoạt thêm \n 5 lượt quay miễn phí có thể cộng dồn.	1, Recolhe três Scatter para receber <sprite name=Hint_3_1_scatter>  r\n odadas de Jogo Grátis.\n  2, No Jogo Grátis, o "Multiplicador de \n Eliminação" é o dobro do jogo geral, \n e é aumentado para "x2, x4, x6,\n  x10". \n  3, No Jogo Grátis, as regras do \n "Multiplicador de Eliminação" são as \n mesmas do jogo geral, somente os \n valores do "Multiplicador de \n Eliminação" são o dobro de um jogo\n  geral.\n  4. Colete três Scatter <sprite name=Hint_3_1_scatter>  no Jogo \n Grátis para receber 5 rodadas\n  adicionais de Jogo Grátis, que\n  podem ser acumuladas \n  repetidamente.\ n	1. <sprite name=Hint_3_1_scatter>가 3개 이상 나오면 10번의 무료 스핀이 제공되는 무료 게임이 시작됩니다. 2. 무료 게임의 "콤보 배수"는 x2, x4, x6, x10의 4단계로 구성됩니다. 3. 무료 게임의 규칙은 일반 게임과 동일하며, "콤보 배수" 레벨만 다릅니다. 4. 무료 게임에서 <sprite name=Hint_3_1_scatter>가 3개 나오면 5번의 무료 스핀이 추가로 제공되며, 이 스핀은 스택에 쌓을 수 있습니다.	1. Landing 3 သို့မဟုတ် ထို့ထက်ပိုသော <sprite name=Hint_3_1_scatter> သည်\nအခမဲ့ 10 အခမဲ့ \n ဝင်သွားခြင်းဖြင့် အခမဲ့ဂိမ်းကို အစပျိုးပေးပါမည်။\n2။ "Combo Multiplier" တွင် အခမဲ့ဂိမ်းတွင် x2၊ x4၊ x6၊ x10 အဖြစ် အဆင့် 4 ဆင့်ရှိသည်။\n3။ အခမဲ့ဂိမ်းစည်းမျဉ်းသည် \n သာမာန်ဂိမ်းနှင့် တူညီသည်၊ \n "ပေါင်းစပ်အမြောက်အများ" အဆင့်တွင်သာ ကွာခြားချက်ရှိသည်။ 4. Landing 3 \n အခမဲ့ဂိမ်းတွင် <sprite name=Hint_3_1_scatter> သည် ထပ်လောင်းထည့်ရန် \n အခမဲ့လှည့်ခြင်း 5 ခုကို အစပျိုးပေးပါမည်။
L_47	Paytable	赔付表 	配当表	Tabla de pagos	Paytable	Gevinsttabel	ตารางการจ่ายเงิน	Tabel Pembayaran	Bảng thanh toán	Tabela de pagamentos	지불표	ငွေပေးချေမှု
L_48	WILD substitutes for all symbols  except SCATTER	百搭符号可代替除 Scatter 以外的所有符号 	ワイルドはスキャッターを除くすべてのシンボルの代わりになります	El comodín sustituye a todos los símbolos excepto al scatter.	WILD mbadala kwa alama zote  isipokuwa KUTAWANYA	WILD erstatter alle symboler  undtagen SCATTER	WILD ทดแทนสัญลักษณ์ทั้งหมด  ยกเว้น SCATTER	WILD menggantikan semua simbol  kecuali SCATTER	WILD thay thế cho tất cả các biểu tượng trừ SCATTER	O CORINGA substitui todos os símbolos, exceto o SCATTE	WILD는 SCATTER를 제외한 모든 심볼을 대체합니다.	သင်္ကေတအားလုံးအတွက် WILD အစားထိုးမှုများ  SCATTER မှလွဲ၍
L_49	Game Rules	游戏规则 	ゲームのルール	Reglas del juego	Kanuni za mchezo	Spilleregler	กฎกติกาของเกม	Aturan Permainan	Luật chơi	Regras do jogo	게임 규칙	ဂိမ်းစည်းကမ်းများ
L_50	1. Super Ace is a video slot with 5\n    reels, 4 rows and 1024 ways.\n2. All wins pay with left most reel to right \n    on adjacent reels.\n3. During the game, all winning symbol(s)\n    will "flip" again. After the flip" will  \n    appear new symbol(s) replaced the\n    previous winning symbol(s) and re-\n    evalaute for more wins. If there is no \n    winning symbols after the re-evaluated, \n    the current game winning amount will \n    be awarded to  player. 	1.总共有1024种得奖方式, \n 2.从最左轮算起,有连練3个以上相同图案,即可获得连线奖金。 \n 3. 游戏中所有中奖图案会再「进行翻牌」后,出新的图案并重新对奖。当无法对奖时,即可取得该局分数。   	1. Super Ace は、5 つのリール、4 つの列、1024 通りのシンボルを持つビデオスロットです。2. すべての勝利は、左端のリールから右隣のリールへと支払われます。3. ゲーム中、すべての勝利シンボルは再び「反転」します。反転後、新しいシンボルが現れ、以前の勝利シンボルと入れ替わり、さらなる勝利のために再評価されます。再評価後に勝利シンボルがない場合、現在のゲームの勝利額がプレイヤーに授与されます。	1. Super Ace es una tragamonedas de video con 5 rodillos, 4 filas y 1024 formas de ganar. 2. Todas las ganancias se pagan del rodillo más a la izquierda al rodillo más a la derecha en rodillos adyacentes. 3. Durante el juego, todos los símbolos ganadores se voltearán de nuevo. Tras el volteo, aparecerán nuevos símbolos que reemplazarán a los símbolos ganadores anteriores y se volverán a evaluar para obtener más ganancias. Si no hay símbolos ganadores después de la reevaluación, se otorgará al jugador la ganancia actual del juego.	1. Super Ace ni nafasi ya video yenye reli 5\n, safu mlalo 4 na njia 1024.\n2. Ushindi wote hulipa kwa kutumia reli nyingi kushoto kwenda kulia \n kwenye reli zilizo karibu.\n3. Wakati wa mchezo, alama zote za ushindi\n "zitapinduka" tena. Baada ya kugeuza" \n itaonekana alama mpya zitabadilisha\n alama za awali za ushindi na-\n kubadilika upya kwa ushindi zaidi. Ikiwa hakuna \n alama za kushinda baada ya kutathminiwa upya, \n kiasi cha sasa cha kushinda katika mchezo \n kitatolewa kwa mchezaji. 	1. Super Ace er en videoslot med 5\n hjul, 4 rækker og 1024 måder.\n2. Alle gevinster betales med venstre mest hjul til højre \n på tilstødende hjul.\n3. Under spillet vil alle vindende symboler\n "vende" igen. Efter vendingen" vil \n nye symbol(er) dukke op, erstattet det/de tidligere vindersymbol(er) og gen\n evaluere for flere gevinster. Hvis der ikke er nogen \n vindende symboler efter gen-evalueringen, \n vil det aktuelle spilvinderbeløb \n blive tildelt spilleren. 	1. Super Ace เป็นวิดีโอสล็อตที่มี 5 รีล 4 แถว และ 1,024 วิธี 2. การชนะทั้งหมดจะจ่ายจากรีลซ้ายสุดไปขวาสุดในรีลที่อยู่ติดกัน 3. ในระหว่างเกม สัญลักษณ์ที่ชนะทั้งหมดจะ "พลิก" อีกครั้ง หลังจากพลิก สัญลักษณ์ใหม่จะปรากฏขึ้นแทนที่สัญลักษณ์ที่ชนะก่อนหน้านี้และประเมินผลใหม่เพื่อให้ได้ชัยชนะเพิ่มเติม หากไม่มีสัญลักษณ์ที่ชนะหลังจากประเมินผลใหม่ จำนวนเงินที่ชนะเกมปัจจุบันจะมอบให้กับผู้เล่น	1. Super Ace adalah slot video dengan 5 gulungan, 4 baris, dan 1024 cara. 2. Semua kemenangan dibayarkan dengan gulungan paling kiri ke kanan pada gulungan yang berdekatan. 3. Selama permainan, semua simbol pemenang akan "berputar" lagi. Setelah "berputar" akan muncul simbol baru yang menggantikan simbol pemenang sebelumnya dan dievaluasi ulang untuk mendapatkan lebih banyak kemenangan. Jika tidak ada simbol pemenang setelah dievaluasi ulang, jumlah kemenangan permainan saat ini akan diberikan kepada pemain.	1. Super Ace là một máy đánh bạc video có 5\n cuộn, 4 hàng và 1024 cách.\n2. Tất cả các chiến thắng đều được trả bằng cuộn từ trái sang phải \n trên các cuộn liền kề.\n3. Trong suốt trò chơi, tất cả các biểu tượng chiến thắng\n sẽ "lật" lại. Sau khi lật "sẽ xuất hiện các biểu tượng mới thay thế\n các biểu tượng chiến thắng trước đó và được đánh giá lại để có thêm chiến thắng. Nếu không có \n biểu tượng chiến thắng nào sau khi được đánh giá lại, \n số tiền chiến thắng trong trò chơi hiện tại sẽ được trao cho người chơi.	1. Pôquer da Sorte é um vídeo Caça-Níquéis \n  com 5 bobinas, 4 linhas e \n 1024 maneiras.\n  2. A linha de aposta ganha o \n pagamento se em sucessão \n começar da bobina mais à esquerda \n para a direita, de acordo com a \n tabela de pagamento.\n  3. No jogo, os símbolos nas linhas\n  vencedoras se tornarão novos\n  símbolos depois que as "cartas \n forem viradas", e serão reavaliados \n para mais acertos. Quando não for \ n possível mais acertos, você poderá \n  receber o pagamento nessa rodada. \n  img 4. Cada rodada tem uma taxa de \n  pagamento máxima de 10,000 \n vezes. Quando esta proporção for \n atingida, as combinações contínuas \n para o prêmio serão interrompidas e \n o cálculo da recompensa continuará.\n  5. Combinações vencedoras e \n pagamentos são feitos de acordo \n com a tabela de pagamento.\n 	1. 슈퍼 에이스는 5개의 릴, 4개의 행, 1024가지 방식으로 구성된 비디오 슬롯입니다. 2. 모든 당첨금은 가장 왼쪽 릴에서 오른쪽 릴로 인접한 릴에 지급됩니다. 3. 게임 중 모든 당첨 심볼은 다시 "뒤집힙니다". 뒤집힌 후, 새로운 심볼이 나타나 이전 ​​당첨 심볼을 대체하고 추가 당첨금을 재평가합니다. 재평가 후에도 당첨 심볼이 없으면 현재 게임 당첨금이 플레이어에게 지급됩니다.	1. Super Ace သည် 5\n reels၊ 4 တန်းနှင့် 1024 နည်းလမ်းများပါရှိသော ဗီဒီယိုအပေါက်တစ်ခုဖြစ်သည်။\n2။ အနိုင်ရသူအားလုံးကို ဘယ်ဘက်အကျဆုံးမှ ညာဘက်သို့ \n ကပ်လျက် ရစ်ပတ်များဖြင့် ပေးချေပါ။\n3။ ဂိမ်းအတွင်း အနိုင်ရသည့် သင်္ကေတ(များ)\n အားလုံး "လှန်" ပါမည်။ လှန်ပြီးနောက်" \n သင်္ကေတ(များ) သည်\nယခင်အနိုင်ရသည့်သင်္ကေတ(များ)ကိုအစားထိုးပြီး\nထပ်မံအနိုင်ရရှိရန်အတွက် အကဲဖြတ်ပါသည်။ ပြန်လည်အကဲဖြတ်ပြီးနောက် \nအနိုင်ရသည့်သင်္ကေတများမရှိပါက \n လက်ရှိဂိမ်းအနိုင်ရသည့်ပမာဏ \n ကစားသမားအား ချီးမြှင့်မည်ဖြစ်သည်။ 
L_51	\n4. Each spin has a maximum payout\n    ratio of 10,000 times. When this\n    ratio is reached, the continuous \n    matching for prize will stop, and the \n    reward settlement will proceed.\n5. Winning combinations and pays \n    are made according to the paytable.	4.每次旋转「单局可最高赔率为10000 倍」,当达到此信率时,停止继续连线对奖,并进行奖励結算。\n\n  5. 获胜组合及其奖金将依照赔付表进行发放。 	4. 各スピンの最大ペイアウト率は10,000倍です。この比率に達すると、賞金獲得のための連続抽選は停止し、賞金の決済が続行されます。5. 当選の組み合わせと配当は、ペイテーブルに従って決定されます。	4. Cada giro tiene una tasa de pago máxima de 10 000 veces. Al alcanzar esta tasa, se detendrá la igualación continua del premio y se procederá a la liquidación de la recompensa. 5. Las combinaciones ganadoras y los pagos se generan según la tabla de pagos.	\n4. Kila spin ina uwiano wa juu zaidi wa malipo\n wa mara 10,000. Uwiano huu wa\n ukifikiwa, \n ulinganishaji unaoendelea wa zawadi utakoma, na \n malipo ya zawadi yataendelea.\n5. Michanganyiko ya kushinda na malipo \n hufanywa kulingana na jedwali la malipo.	\n4. Hvert spin har et maksimalt udbetalingsforhold på 10.000 gange. Når dette\n forhold er nået, stopper den kontinuerlige \n-matching for præmien, og \n belønningsafregningen fortsætter.\n5. Vinderkombinationer og udbetalinger \n foretages i henhold til udbetalingstabellen.	4. การหมุนแต่ละครั้งมีอัตราการจ่ายเงินรางวัลสูงสุด 10,000 ครั้ง เมื่อถึงอัตราส่วนนี้ การจับคู่รางวัลอย่างต่อเนื่องจะหยุดลง และการจ่ายเงินรางวัลจะดำเนินต่อไป 5. การผสมรางวัลและการจ่ายเงินรางวัลจะทำตามตารางการจ่ายเงิน	\n4. Setiap putaran memiliki rasio pembayaran maksimum\n 10.000 kali. Ketika rasio ini tercapai, pencocokan hadiah yang berkelanjutan akan berhenti, dan penyelesaian hadiah akan dilanjutkan.\n5. Kombinasi pemenang dan pembayaran dibuat sesuai dengan tabel pembayaran.	\n4. Mỗi lần quay có tỷ lệ trả thưởng tối đa là 10.000 lần. Khi đạt đến tỷ lệ này, việc ghép giải thưởng liên tục sẽ dừng lại và quá trình giải quyết phần thưởng sẽ tiếp tục.\n5. Các kết hợp chiến thắng và tiền thưởng được thực hiện theo bảng trả thưởng.	4. Cada rodada tem uma taxa de \n  pagamento máxima de 10,000 \n vezes. Quando esta proporção for \n atingida, as combinações contínuas \n para o prêmio serão interrompidas e \n o cálculo da recompensa continuará.\n  5. Combinações vencedoras e \n pagamentos são feitos de acordo \n com a tabela de pagamento.\n 	\n4. 각 스핀의 최대 지급률은 10,000배입니다.\n 이 지급률에 도달하면 상금 매칭이 중단되고 보상 정산이 진행됩니다.\n5. 당첨 조합 및 지급금은 지급표에 따라 결정됩니다.	\n၄။ လှည့်ဖျားမှုတစ်ခုစီတွင် အများဆုံးပေးချေမှု\n အချိုးသည် အကြိမ် 10,000 ရှိသည်။ ဤ\n အချိုးကို ရောက်သောအခါ၊ ဆက်တိုက် \n ဆုအတွက် ကိုက်ညီမှု ရပ်သွားမည်ဖြစ်ပြီး \n ဆုပေးချေမှု ဆက်လုပ်သွားပါမည်။\n5။ အနိုင်ရသော ပေါင်းစပ်မှုများနှင့် ပေးချေမှုများ \n ပေးချေမှုဇယားအရ ပြုလုပ်ထားသည်။
L_52	Button	按钮	ボタン	Botón	Kitufe	Knap	ปุ่ม	Tombol	Cái nút	Botão	단추	ခလုတ်
L_53	Spin: \nTap to start spinning base on the current bet.Player can also click the reels or press the spacebar to start or stop the spin. (not available on all operators and jurisdictions)	 按钮 \n 点击以当前使用押注开始旋转。\n  玩家可以点击盘面或按空格键来开始或停止旋转。(并非适用于 所有运营商和司法管辖区) 	スピン: タップすると、現在のベットに基づいてスピンが開始されます。また、リールをクリックするか、スペースバーを押してスピンを開始または停止することもできます。(すべてのオペレーターおよび管轄区域で利用できるわけではありません)	Girar: Toque para comenzar a girar según la apuesta actual. El jugador también puede hacer clic en los carretes o presionar la barra espaciadora para iniciar o detener el giro. (no disponible en todos los operadores y jurisdicciones)	Zungusha: \nGusa ili kuanza kusokota msingi kwenye dau la sasa. Mchezaji pia anaweza kubofya reli au bonyeza upau wa nafasi ili kuanza au kusimamisha mzunguko. (haipatikani kwa waendeshaji na mamlaka zote)	Spin: \nTryk for at begynde at spinde base på den aktuelle indsats. Spilleren kan også klikke på hjulene eller trykke på mellemrumstasten for at starte eller stoppe spin. (ikke tilgængelig på alle operatører og jurisdiktioner)	หมุน: \nแตะเพื่อเริ่มหมุนตามการเดิมพันปัจจุบัน ผู้เล่นยังสามารถคลิกที่วงล้อหรือกดปุ่ม Spacebar เพื่อเริ่มหรือหยุดการหมุนได้ (ไม่พร้อมใช้งานสำหรับผู้ให้บริการและเขตอำนาจศาลทั้งหมด)	Putar: Ketuk untuk mulai memutar berdasarkan taruhan saat ini. Pemain juga dapat mengeklik gulungan atau menekan bilah spasi untuk memulai atau menghentikan putaran. (tidak tersedia di semua operator dan yurisdiksi)	Quay: \nNhấn để bắt đầu quay dựa trên mức cược hiện tại. Người chơi cũng có thể nhấp vào guồng quay hoặc nhấn phím cách để bắt đầu hoặc dừng quay. (không khả dụng ở tất cả các nhà điều hành và khu vực pháp lý)	Gire\n Toque para começar a girar com base na aposta atual.\nO jogador também pode clicar nos rolos ou pressionar a barra de espaço para iniciar ou parar a rotação (não disponível em todas as operadoras e jurisdições).	스핀: \n탭하면 현재 베팅에 따라 스핀이 시작됩니다. 플레이어는 릴을 클릭하거나 스페이스바를 눌러 스핀을 시작하거나 중지할 수도 있습니다. (모든 운영자 및 관할 지역에서 이용 가능한 것은 아닙니다)	လှည့်ခြင်း- \nလက်ရှိလောင်းကစားပေါ်တွင် လှည့်ခြင်းစတင်ရန် တို့ပါ။ ကစားသမားသည် လှည့်ပတ်မှုကို နှိပ်နိုင်သည် သို့မဟုတ် လှည့်ခြင်းစတင်ရန် သို့မဟုတ် ရပ်ရန် spacebar ကို နှိပ်နိုင်သည်။ (အော်ပရေတာများနှင့် တရားစီရင်ပိုင်ခွင့်အားလုံးတွင် မရရှိနိုင်ပါ)
L_54	Auto Spin \nTap to start the auto spin or open the autospin settings panel. \n AutoSpin Settings:\n\nTotal Spins:\nYou can set the number of rounds to play automatically and stop the game after reaching the limit.\n \nSingle win ratio exceeds:\nThe game will be stopped when the single round winnings are greater than the specified multiples.\n\nStop if balance<:\nStop the game when your balance is less than the set value.\n\nStop if balance>: Stop the game when your balance is greater than the set value.\n\nStop if "Bonus Game" is activated\nStop the game when entering a Bonus Gamee (only displayed if there are Bonus Game rules)\n\nStop if "Free Game" is activated:\nStop the game when entering a free game (only displayed if there are free game rules)\n\nStart:\nTap "Start" button to activate the autoplay feature.\nCancel:\nTap "Cancel" button to return to game screen.	自动玩 点击开始自动游玩,或是开真自 动游玩设定面板。  自动游玩设定面板功能说明:  总局数 可设定自动游玩同数,达成后 停止游戏 单次赢分倍率超过。  单层得奖大于指定倍数后停止游戏 小于目标金额停止:  自身财产小于设定值停止游戏 大于目标金额停止:  自身财产大于设定值停止游戏 进入「奖励游戏」停止。  进入奖回游戏时停止游戏(有奖励游戏规则才会显示)  进入「免费游戏」停止:                                                                                                                                点  取消:  点击“取消”按钮返回游戏 界面。  进入免费游戏时停止游戏(有免费游戏规则才会显示)  搞动:  点击“开始”按钮后用自动游	自動スピン \nタップして自動スピンを開始するか、自動スピン設定パネルを開きます。 \n オートスピン設定:\n\n合計スピン数:\n自動的にプレイするラウンド数を設定し、制限に達するとゲームを停止できます。\n \n単一勝率超過:\n単一ラウンドの賞金が指定された倍数を超えると、ゲームが停止します。\n\n残高が設定値より少ない場合停止\n残高が設定値より少ない場合、ゲームを停止します。\n\n残高が設定値より大きい場合停止: 残高が設定値より大きい場合、ゲームを停止します。\n\n「ボーナスゲーム」が有効の場合停止\nボーナスゲームに入ったらゲームを停止します (ボーナスゲームルールがある場合のみ表示されます)\n\n「フリーゲーム」が有効の場合停止\nフリーゲームに入ったらゲームを停止します (フリーゲームルールがある場合のみ表示されます)\n\n開始:\n「開始」ボタンをタップして、オートプレイ機能を有効にします。\nキャンセル:\n「キャンセル」ボタンをタップしてゲーム画面に戻ります。	Giro automático \nToque para iniciar el giro automático o abrir el panel de configuración de giro automático. Configuración de AutoSpin: Giros totales: Puedes configurar el número de rondas que se jugarán automáticamente y detener el juego al alcanzar el límite. Si la proporción de ganancias individuales supera los múltiplos especificados, el juego se detendrá. Detener si el saldo es inferior al valor establecido. Detener si el saldo es superior al valor establecido. Detener si el saldo es superior al valor establecido. Detener si el "Juego de bonificación" está activado. Detener el juego al entrar en un Juego de bonificación (solo se muestra si existen reglas para el Juego de bonificación). Detener si el "Juego gratis" está activado. Detener el juego al entrar en un Juego gratis (solo se muestra si existen reglas para el Juego gratis). Iniciar: Pulsa "Iniciar" para activar la función de juego automático. Cancelar: Pulsa "Cancelar" para volver a la pantalla de juego.	Zungusha Kiotomatiki \nGonga ili kuanzisha kusokota kiotomatiki au ufungue kidirisha cha mipangilio ya kiotomatiki. \n Mipangilio ya Kiotomatiki:\n\nJumla ya Mizunguko:\nUnaweza kuweka idadi ya mizunguko ya kucheza kiotomatiki na kusimamisha mchezo baada ya kufikisha kikomo.\n \nUwiano wa ushindi mmoja unazidi:\nMchezo utasimamishwa wakati ushindi wa raundi moja unapokuwa mkubwa zaidi ya vizidishi vilivyobainishwa.\n\nSimamisha ikiwa salio<:\nSimamisha mchezo ikiwa salio lako la juu ni chini ya kiwango cha S.\n> Simamisha mchezo wakati salio lako ni kubwa kuliko thamani iliyowekwa.\n\nAcha ikiwa "Mchezo wa Bonasi" umewashwa\nSimamisha mchezo unapoingiza Mchezo wa Bonasi (huonyeshwa tu ikiwa kuna sheria za Mchezo wa Bonasi)\n\nAcha ikiwa "Mchezo Usiolipishwa" umewashwa:\nSimamisha mchezo unapoingiza mchezo usiolipishwa (huonyeshwa tu ikiwa kuna kitufe cha Kuanza Kuanza) kipengele cha kucheza kiotomatiki.\nGhairi:\nGonga kitufe cha "Ghairi" ili urudi kwenye skrini ya mchezo.	Autospin \nTryk for at starte autospin, eller åbn indstillingspanelet for autospin. \n AutoSpin-indstillinger:\n\nTotale spins:\nDu kan indstille antallet af runder, der skal spilles automatisk og stoppe spillet efter at have nået grænsen.\n \nEnkeltgevinstforholdet overstiger:\nSpillet stoppes, når gevinsterne i en enkelt runde er større end de angivne multipla.\n\nStop, hvis saldoen<:\nStop spillet, når din indstillede saldo er mindre end den indstillede saldo:\n> Stop spillet, når din saldo er større end den indstillede værdi.\n\nStop, hvis "Bonusspil" er aktiveret\nStop spillet, når du går ind i et bonusspil (vises kun, hvis der er bonusspilregler)\n\nStop, hvis "Gratis spil" er aktiveret:\nStop spillet, når du går ind i et gratis spil (vises kun, hvis der er gratis Start-knappen for at aktivere"\nT\nTstart-knappen) autoplay-funktion.\nAnnuller:\nTryk på knappen "Annuller" for at vende tilbage til spilskærmen.	หมุนอัตโนมัติ \nแตะเพื่อเริ่มหมุนอัตโนมัติหรือเปิดแผงการตั้งค่าหมุนอัตโนมัติ การตั้งค่าการหมุนอัตโนมัติ:\n\nจำนวนการหมุนทั้งหมด:\nคุณสามารถตั้งค่าจำนวนรอบที่จะเล่นโดยอัตโนมัติและหยุดเกมหลังจากถึงขีดจำกัด\n \nอัตราการชนะครั้งเดียวเกิน:\nเกมจะหยุดเมื่อเงินรางวัลในรอบเดียวมากกว่าจำนวนคูณที่ระบุ\n\nหยุดหากยอดเงินคงเหลือ<:\nหยุดเกมเมื่อยอดเงินคงเหลือของคุณน้อยกว่าค่าที่ตั้งไว้\n\nหยุดหากยอดเงินคงเหลือ>: หยุดเกมเมื่อยอดเงินคงเหลือของคุณมากกว่าค่าที่ตั้งไว้\n\nหยุดหากเปิดใช้งาน "เกมโบนัส"\nหยุดเกมเมื่อเข้าสู่เกมโบนัส (แสดงเฉพาะเมื่อมีกฎของเกมโบนัส)\n\nหยุดหากเปิดใช้งาน "เกมฟรี":\nหยุดเกมเมื่อเข้าสู่เกมฟรี (แสดงเฉพาะเมื่อมีกฎของเกมฟรี)\n\nเริ่ม:\nแตะปุ่ม "เริ่ม" เพื่อเปิดใช้งานคุณสมบัติเล่นอัตโนมัติ\nยกเลิก:\nแตะปุ่ม "ยกเลิก" เพื่อกลับไปที่หน้าจอเกม	Putar Otomatis \nKetuk untuk memulai putaran otomatis atau membuka panel pengaturan putaran otomatis. \n Pengaturan Putaran Otomatis:\n\nTotal Putaran:\nAnda dapat mengatur jumlah putaran untuk dimainkan secara otomatis dan menghentikan permainan setelah mencapai batas.\n \nRasio kemenangan tunggal melebihi:\nPermainan akan dihentikan ketika kemenangan putaran tunggal lebih besar dari kelipatan yang ditentukan.\n\nBerhenti jika saldo<:\nBerhenti permainan ketika saldo Anda kurang dari nilai yang ditetapkan.\n\nBerhenti jika saldo>: Berhenti permainan ketika saldo Anda lebih besar dari nilai yang ditetapkan.\n\nBerhenti jika "Permainan Bonus" diaktifkan\nBerhenti permainan ketika memasuki Permainan Bonus (hanya ditampilkan jika ada aturan Permainan Bonus)\n\nBerhenti jika "Permainan Gratis" diaktifkan:\nBerhenti permainan ketika memasuki permainan gratis (hanya ditampilkan jika ada aturan permainan gratis)\n\nMulai:\nKetuk tombol "Mulai" untuk mengaktifkan fitur putar otomatis.\nBatal:\nKetuk tombol "Batal" untuk kembali ke layar permainan.	Quay tự động \nNhấn để bắt đầu quay tự động hoặc mở bảng cài đặt quay tự động. \nCài đặt Quay tự động:\n\nTổng số vòng quay:\nBạn có thể đặt số vòng chơi tự động và dừng trò chơi sau khi đạt đến giới hạn.\n\nTỷ lệ thắng đơn vượt quá:\nTrò chơi sẽ dừng khi số tiền thắng trong một vòng lớn hơn bội số đã chỉ định.\n\nDừng nếu số dư<:\nDừng trò chơi khi số dư của bạn nhỏ hơn giá trị đã đặt.\n\nDừng nếu số dư>: Dừng trò chơi khi số dư của bạn lớn hơn giá trị đã đặt.\n\nDừng nếu "Trò chơi thưởng" được kích hoạt\nDừng trò chơi khi vào Trò chơi thưởng (chỉ hiển thị nếu có luật Trò chơi thưởng)\n\nDừng nếu "Trò chơi miễn phí" được kích hoạt:\nDừng trò chơi khi vào trò chơi miễn phí (chỉ hiển thị nếu có luật Trò chơi miễn phí)\n\nBắt đầu:\nNhấn nút "Bắt đầu" để kích hoạt tính năng tự động chơi.\nHủy:\nNhấn nút "Hủy" để quay lại màn hình trò chơi.	Rotação automática\n  Toque para iniciar a rotação  automática ou abrir o painel de configurações de rotação automática.\n  Configurações de Giro Automático:\n  Giro Total\n  Você pode definir o número de rodadas para jogar automaticamente e parar o jogo ao atingir o limite.\n  Vitória única excede\n  O jogo será interrompido quando os ganhos de uma única rodada forem maiores que os múltiplos especificados.\n Pare se o saldo <\n Pare o jogo quando o seu saldo for inferior ao valor definido.\n  Pare se o saldo >\n  Pare o jogo quando seu saldo for maior que o valor estabelecido.\n Pare se o "Jogo de Bônus" estiver ativado Pare o jogo ao entrar em um Jogo Bônus (exibido somente se houver regras do Jogo Bônus)\n  Pare se o "Jogo Grátis" estiver ativado\n Pare o jogo ao entrar em um jogo grátis (exibido apenas se houver regras de jogos grátis)\n Início\n Toque no botão "Iniciar" para ativar o recurso de reprodução automática.\n Cancelar\n Toque no botão "Cancelar" para retornar à tela do jogo.\n	자동 회전 \n자동 회전을 시작하거나 자동 회전 설정 패널을 열려면 탭하세요. \n 자동 스핀 설정:\n\n총 스핀 수:\n자동으로 플레이할 라운드 수를 설정하고, 제한 횟수에 도달하면 게임을 중단할 수 있습니다.\n \n단일 승리 비율 초과:\n단일 라운드에서 얻은 상금이 지정된 배수보다 많으면 게임이 중단됩니다.\n\n잔액 초과 시 중지:\n잔액이 설정된 값보다 적으면 게임을 중단합니다.\n\n잔액 초과 시 중지: 잔액이 설정된 값보다 많으면 게임을 중단합니다.\n\n"보너스 게임"이 활성화되면 게임을 중단합니다.\n보너스 게임 진입 시 게임을 중단합니다(보너스 게임 규칙이 있는 경우에만 표시됨).\n\n"무료 게임"이 활성화되면 게임을 중단합니다:\n무료 게임 진입 시 게임을 중단합니다(무료 게임 규칙이 있는 경우에만 표시됨).\n\n시작:\n"시작" 버튼을 눌러 자동 플레이 기능을 활성화합니다.\n취소:\n"취소" 버튼을 눌러 게임 화면으로 돌아갑니다.	အလိုအလျောက်လှည့်ခြင်း \nအလိုအလျောက်လှည့်ခြင်းစတင်ရန် သို့မဟုတ် အလိုအလျောက်လှည့်ခြင်း ဆက်တင်အကန့်ကိုဖွင့်ရန် တို့ပါ။ \n အလိုအလျောက်လှည့်ခြင်း ဆက်တင်များ-\n\nစုစုပေါင်းလှည့်ခြင်းများ-\nကန့်သတ်ချက်ပြည့်သွားပြီးနောက် ဂိမ်းကိုအလိုအလျောက်ကစားရန် လှည့်ပတ်မှုအရေအတွက်ကို သတ်မှတ်ပြီး ဂိမ်းကိုရပ်နိုင်သည်။\n \nတစ်ပွဲအနိုင်ရအချိုးထက်ကျော်လွန်သည်-\nတစ်ကျော့ပြန်အနိုင်ရမှုသည် သတ်မှတ်ထားသည့်အကြိမ်အရေအတွက်ထက် ပိုနေသည့်အခါ ဂိမ်းကို ရပ်လိုက်ပါမည်။\n\nလက်ကျန်<:\nသင်၏လက်ကျန်ငွေသည် သတ်မှတ်တန်ဖိုးထက်နည်းပါက ဂိမ်းကိုရပ်လိုက်ပါ။ သတ်မှတ်ထားသောတန်ဖိုးထက် သင့်လက်ကျန်ငွေသည် ဂိမ်းကိုရပ်လိုက်ပါ။\n\n"Bonus Game" ကိုဖွင့်ပါက ရပ်ပါ\nBonus Gamee တစ်ခုသို့ဝင်ရောက်သည့်အခါ ဂိမ်းကိုရပ်လိုက်ပါ (Bonus Game စည်းမျဉ်းများရှိလျှင်သာပြသသည်)\n\n"Free Game" ကိုဖွင့်ထားလျှင်ရပ်ပါ-\nအခမဲ့ဂိမ်းတစ်ခုထဲသို့ဝင်ရောက်သည့်အခါ ဂိမ်းကိုရပ်လိုက်ပါ (အခမဲ့ဂိမ်းစတင်ရန်ခလုတ်များရှိနေပါက- အလိုအလျောက်စတင်ရန်)\n\nကစားခြင်း\n\nကစားခြင်း\n လုပ်ဆောင်ချက်။\nCancel-\nဂိမ်းမျက်နှာပြင်သို့ ပြန်သွားရန် "Cancel" ခလုတ်ကို တို့ပါ။
L_55	 Bet Select: Tap to adjust the bet.	押注选择 点击调整押注。 	ベット選択：タップしてベット額を調整します。	Selección de apuesta: Toca para ajustar la apuesta.	 Chagua kamari: Gusa ili kurekebisha dau.	 Indsatsvalg: Tryk for at justere indsatsen.	 เลือกเดิมพัน: แตะเพื่อปรับเดิมพัน	 Pilihan Taruhan: Ketuk untuk menyesuaikan taruhan.	 Chọn cược: Nhấn để điều chỉnh cược.	Seleção de aposta\nToque para ajustar a aposta.	 베팅 선택: 탭하여 베팅을 조정하세요.	 လောင်းကစားရွေးချယ်ပါ- လောင်းကြေးကို ချိန်ညှိရန် တို့ပါ။
L_56	Turbo Spin: \nTap to enable or disable the Turbo Spin to adjust the speed of reel spins in the game	  加速模式\n 点击启用或禁用加速模式以加快游戏速度。	 スピードモード\n タップすると、ゲームスピードが上がるスピードモードが有効または無効になります。	Turbo Spin: Toca para habilitar o deshabilitar el Turbo Spin para ajustar la velocidad de los giros de los carretes en el juego.	Turbo Spin: \nGonga ili kuwezesha au kuzima Turbo Spin ili kurekebisha kasi ya mizunguko ya reel kwenye mchezo.	Turbo Spin: \nTryk for at aktivere eller deaktivere Turbo Spin for at justere hastigheden af ​​hjulspin i spillet	Turbo Spin: \nแตะเพื่อเปิดใช้งานหรือปิดใช้งาน Turbo Spin เพื่อปรับความเร็วของการหมุนวงล้อในเกม	Turbo Spin: \nKetuk untuk mengaktifkan atau menonaktifkan Turbo Spin untuk menyesuaikan kecepatan putaran gulungan dalam permainan	Turbo Spin: \nNhấn để bật hoặc tắt Turbo Spin để điều chỉnh tốc độ quay của cuộn trong trò chơi	 Giro turbo\nToque para habilitar ou desabilitar o Giro turbo para reduzir a duração dos giros das \n bobinas no jogo	Turbo Spin: \n게임에서 릴 회전 속도를 조정하기 위해 Turbo Spin을 활성화하거나 비활성화하려면 탭하세요.	Turbo လှည့်ခြင်း- \nဂိမ်းအတွင်းရှိ ရီလီလှည့်ခြင်း၏အမြန်နှုန်းကို ချိန်ညှိရန် Turbo Spin ကို ဖွင့်ရန် သို့မဟုတ် ပိတ်ရန် တို့ပါ
L_57	Option: Tap to show the game instruction and sound button	选项	オプション: タップするとゲームの説明とサウンドボタンが表示されます	Opción: Toque para mostrar las instrucciones del juego y el botón de sonido.	Chaguo: Gusa ili kuonyesha maagizo ya mchezo na kitufe cha sauti	Mulighed: Tryk for at vise spilinstruktionen og lydknappen	ตัวเลือก: แตะเพื่อแสดงคำแนะนำเกมและปุ่มเสียง	Opsi: Ketuk untuk menampilkan instruksi permainan dan tombol suara	Tùy chọn: Nhấn để hiển thị hướng dẫn trò chơi và nút âm thanh	Opção\nToque para mostrar as instruções do jogo e o botão de som.	옵션: 게임 지침과 사운드 버튼을 표시하려면 탭하세요.	ရွေးချယ်မှု- ဂိမ်းလမ်းညွှန်နှင့် အသံခလုတ်ကို ပြသရန် တို့ပါ။
L_58	 Game rules: Tap to show the game rules and function button.	点击显示游戏说明和声言按钮。	ゲームのルール：タップすると、ゲームのルールと機能ボタンが表示されます。	Reglas del juego: Toca para mostrar las reglas del juego y el botón de función.	 Sheria za mchezo: Gusa ili kuonyesha sheria za mchezo na kitufe cha utendakazi.	 Spilleregler: Tryk for at vise spillereglerne og funktionsknappen.	 กฎของเกม: แตะเพื่อแสดงกฎของเกมและปุ่มฟังก์ชั่น	Aturan permainan: Ketuk untuk menampilkan aturan permainan dan tombol fungsi.	 Luật chơi: Chạm để hiển thị luật chơi và nút chức năng.	Regras do jogo\nToque para mostrar as regras do jogo e botão de função.	 게임 규칙: 탭하면 게임 규칙과 기능 버튼이 표시됩니다.	 ဂိမ်းစည်းမျဉ်းများ- ဂိမ်းစည်းမျဉ်းများနှင့် လုပ်ဆောင်ချက်များကို ပြသရန် ခလုတ်ကိုနှိပ်ပါ။
L_59	 Sound: Tap to turn sound ON or OFF.	声音 点击开后或关闭音效。 	サウンド: タップしてサウンドのオン/オフを切り替えます。	Sonido: Toca para activar o desactivar el sonido.	 Sauti: Gusa ili KUWASHA au KUZIMA sauti.	 Lyd: Tryk for at slå lyden TIL eller FRA.	 เสียง: แตะเพื่อเปิดหรือปิดเสียง	Suara: Ketuk untuk menghidupkan atau mematikan suara.	 Âm thanh: Chạm để BẬT hoặc TẮT âm thanh.	Som\nToque para ligar ou desligar o som.	 소리: 탭하여 소리를 켜거나 끕니다.	 အသံ- အသံဖွင့်ရန် သို့မဟုတ် ပိတ်ရန် တို့ပါ။
L_60	Super Ace	超级王牌 	スーパーエース	Súper as	Super Ace	Super Es	ซุปเปอร์เอซ	Super Ace	Siêu Át	SuperAce 	슈퍼 에이스	စူပါအေ့
L_61	AutoSpin Setting	智能托管	オートスピン設定	Configuración de giro automático	Mpangilio wa AutoSpin	AutoSpin indstilling	การตั้งค่าหมุนอัตโนมัติ	Pengaturan Putar Otomatis	Cài đặt AutoSpin	Configuração do Autogiro	자동 회전 설정	အလိုအလျောက်လှည့်ခြင်း ဆက်တင်
L_62	Total Spins	总局数 	合計スピン数	Giros totales	Jumla ya Spins	Samlede spins	จำนวนสปินทั้งหมด	Jumlah Putaran	Tổng số vòng quay	Giro Total	총 스핀	စုစုပေါင်းလှည့်ခြင်းများ
L_63	Single win ratio exceeds	单次赢分倍率超过 	単勝率は超過	La proporción de victorias individuales supera	Uwiano wa ushindi mmoja umezidi	Single win ratio overstiger	อัตราการชนะครั้งเดียวเกิน	Rasio kemenangan tunggal melebihi	Tỷ lệ thắng đơn vượt quá	Vitória única excede 	단일 승리 비율이 초과됩니다	တစ်ခုတည်းအနိုင်ရသည့်အချိုးထက် ကျော်လွန်နေသည်။
L_64	Stop if balance<	小于目标金额停止 	残高が<の場合停止	Detenerse si el equilibrio<	Acha ikiwa usawa<	Stop hvis balance<	หยุดถ้าสมดุล<	Berhenti jika keseimbangan<	Dừng lại nếu cân bằng<	Pare se o saldo <	균형이 맞지 않으면 중지하세요<	လက်ကျန်<
L_65	Stop if "Free Game" is Activated	进入「免费游戏」停止	「フリーゲーム」がアクティブになったら停止する	Detenerse si "Juego gratuito" está activado	Acha ikiwa "Mchezo Usiolipishwa" umewashwa	Stop hvis "Gratis spil" er aktiveret	หยุดหากเปิดใช้งาน "เกมฟรี"	Berhenti jika "Game Gratis" Diaktifkan	Dừng lại nếu "Trò chơi miễn phí" được kích hoạt	Pare se o "Jogo Grátis" estiver ativado 	"무료 게임"이 활성화되면 중지됩니다.	"အခမဲ့ဂိမ်း" ကိုအသက်သွင်းပါကရပ်ပါ။
L_66	Cancel	取消	キャンセル	Cancelar	Ghairi	Ophæve	ยกเลิก	Membatalkan	Hủy bỏ	Cancelar 	취소	မလုပ်တော့
L_67	Start	启动 	始める	Comenzar	Anza	Starte	เริ่ม	Awal	Bắt đầu	Início 	시작	စတင်ပါ။
L_68	Volume Control	音量控制	音量コントロール	Control de volumen	Udhibiti wa Kiasi	Lydstyrkekontrol	การควบคุมระดับเสียง	Kontrol Volume	Kiểm soát âm lượng	Controle de Volume 	볼륨 조절	အသံထိန်းချုပ်မှု
L_69	BackGround Music 	背景音乐	バックグラウンドミュージック	Música de fondo	Muziki wa BackGround 	Baggrundsmusik 	ดนตรีประกอบ	Musik Latar Belakang	Nhạc nền	Música de Fundo 	배경 음악	BackGround သီချင်း 
L_70	Sound Effects	音效 	効果音	Efectos sonoros	Athari za Sauti	Lydeffekter	เอฟเฟกต์เสียง	Efek Suara	Hiệu ứng âm thanh	Efeito Sonorо 	음향 효과	အသံသက်ရောက်မှုများ
L_71	Congrats ! Free Game	恭喜！ 免費遊戲	おめでとうございます！ 無料ゲーム	¡Felicidades! Juego gratis	Hongera! Mchezo wa Bure	Tillykke! Gratis spil	ยินดีด้วย ! เกมฟรี	Selamat! Game Gratis	Xin chúc mừng! Trò chơi miễn phí	Parabéns! Jogo Grátis	축하합니다! 무료 게임	ဂုဏ်ပြုပါတယ် ! အခမဲ့ဂိမ်း
L_72	Spins	旋轉	スピン	Giros	Mizunguko	Spins	สปิน	Berputar	Quay	Giros	스핀	ဝင်သွားသည်။
L_73	elimination Multiplier	消除乘數	除去乗数	Multiplicador de eliminación	kuondoa Multiplier	eliminationsmultiplikator	ตัวคูณการกำจัด	eliminasi Pengganda	loại trừ hệ số nhân	multiplicador de eliminação	제거 승수	ပပျောက်ရေး မြှောက်စားခြင်း။
L_74	Feature List	功能列表	機能一覧	Lista de características	Orodha ya vipengele	Funktionsliste	รายการคุณสมบัติ	Daftar Fitur	Danh sách tính năng	Lista de recursos	기능 목록	ထူးခြားချက်စာရင်း
L_75	Features 1	特點 1	機能 1	Características 1	Vipengele 1	Funktioner 1	คุณสมบัติ 1	Fitur 1	Tính năng 1	Características 1	특징 1	ထူးခြားချက်များ ၁
L_76	Features 2	功能 2	機能2	Características 2	Vipengele 2	Funktioner 2	คุณสมบัติ 2	Fitur 2	Tính năng 2	Características 2	특징 2	ထူးခြားချက်များ ၂
L_77	Real Cash Mode	真金白銀 模式	リアルキャッシュモード	Modo Dinero Real	Pesa Halisi Hali	Rigtige kontanter Mode	โหมดเงินสดจริง 	Uang Tunai Mode	Tiền mặt thực Chế độ	Modo Dinheiro Real 	실제 현금 모드	ငွေသားအစစ် မုဒ်
L_78	Click to select the demo mode	點選選擇演示模式	クリックしてデモモードを選択してください	Haga clic para seleccionar el modo de demostración	Bofya ili kuchagua hali ya onyesho	Klik for at vælge demotilstand	คลิกเพื่อเลือกโหมดสาธิต	Klik untuk memilih mode demo	Nhấp để chọn chế độ demo	Clique para selecionar o modo de demonstração	데모 모드를 선택하려면 클릭하세요	သရုပ်ပြမုဒ်ကို ရွေးချယ်ရန် နှိပ်ပါ။
L_79	System	系统讯息	システム	Sistema	Mfumo	System	ระบบ	Sistem	Hệ thống	Sistema	체계	စနစ်
L_80	Click to confirm Real Mode	點擊確認真實模式	クリックしてリアルモードを確認	Haga clic para confirmar el modo real	Bofya ili kuthibitisha Hali Halisi	Klik for at bekræfte Real Mode	คลิกเพื่อยืนยันโหมดจริง	Klik untuk konfirmasi Mode Nyata	Nhấp để xác nhận Chế độ thực	Clique para confirmar o Modo Real	실제모드 확인을 클릭하세요	Real Mode ကို အတည်ပြုရန် နှိပ်ပါ။
L_81	Confirm	確認	確認する	Confirmar	Thibitisha	Bekræfte	ยืนยัน	Mengonfirmasi	Xác nhận	Confirmar	확인하다	အတည်ပြုပါ။
L_82	super	極佳的	素晴らしい	súper	mkuu	super	สุดยอด	super	siêu	super	감독자	စူပါ
L_83	win	贏	勝つ	ganar	kushinda	vinde	ชนะ	menang	thắng	Vitoria	이기다	အနိုင်ရ
L_84	CONGRATS !	恭喜！	おめでとうございます！	FELICITACIONES !	HONGERA!	TILLYKKE!	ยินดีด้วย !	SELAMAT !	CHÚC MỪNG!	PARABÉNS !	축하해요 !	ဂုဏ်ပြုပါသည် !
L_85	YOU HAVE WON	你贏了	勝利しました	HAS GANADO	UMESHINDA	DU HAR VINDET	คุณชนะแล้ว	KAMU TELAH MENANG	BẠN ĐÃ CHIẾN THẮNG	VOCÊ GANHOU	당신은 이겼습니다	သင်အနိုင်ရပြီ
L_86	Events	活動	イベント	Eventos	Matukio	Begivenheder	กิจกรรม	Acara	Sự kiện	Eventos	이벤트	အဲ့ဒါနဲ့
L_87	There are no events at the momment.Please stay tuned for upcoming activities.	目前沒有活動。請繼續關注即將舉行的活動。	現在、イベントは開催されておりません。今後の予定にご注目ください。	No hay eventos en este momento. Por favor, permanezca atento a las próximas actividades.	Hakuna matukio kwa sasa. Tafadhali subiri shughuli zinazokuja.	Der er ingen begivenheder i øjeblikket. Hold øje med kommende aktiviteter.	ไม่มีกิจกรรมใดๆ ในขณะนี้ โปรดติดตามกิจกรรมที่กำลังจะมีขึ้น	Tidak ada acara saat ini. Harap nantikan kegiatan mendatang.	Hiện tại không có sự kiện nào. Hãy theo dõi để biết các hoạt động sắp tới.	Não há eventos no momento. Fique ligado nas próximas atividades.	현재 진행 중인 이벤트가 없습니다. 다가올 활동을 기대해 주세요.	လောလောဆယ်တွင် အစီအစဉ်များမရှိပါ။ လာမည့်လှုပ်ရှားမှုများအတွက် စောင့်မျှော်ကြည့်ရှုပါ။
L_88	Close Demo Mode to enter the game	關閉演示模式進入遊戲	ゲームに入るにはデモモードを終了してください	Cierra el modo de demostración para ingresar al juego.	Funga Modi ya Onyesho ili kuingia kwenye mchezo	Luk Demo Mode for at komme ind i spillet	ปิดโหมดสาธิตเพื่อเข้าสู่เกม	Tutup Mode Demo untuk memasuki permainan	Đóng chế độ Demo để vào trò chơi	Feche o modo de demonstração para entrar no jogo	데모 모드를 닫고 게임에 들어가세요	ဂိမ်းသို့ဝင်ရောက်ရန် Demo Mode ကိုပိတ်ပါ။
L_89	Win More	贏得更多	もっと勝つ	Ganar más	Shinda Zaidi	Vind mere	ชนะมากขึ้น	Menangkan Lebih Banyak	Thắng nhiều hơn	Ganhe mais	더 많이 이기세요	Win More
L_90	Features	特徵	特徴	Características	Vipengele	Funktioner	คุณสมบัติ	Fitur	Đặc trưng	Características	특징	အင်္ဂါရပ်များ
L_91	After the  golden pocker Wins, it will turn into wild in the same place	金撲克牌獲勝後，它會在同一個地方變成野生的	ゴールデンポーカーが勝利した後、同じ場所でワイルドに変わります	Después de que el pocker dorado gane, se convertirá en comodín en el mismo lugar.	Baada ya mshindi wa pocker wa dhahabu, itageuka kuwa pori katika sehemu moja	Efter den gyldne pocker vinder, bliver den til vild samme sted	หลังจากที่โป๊กเกอร์ทองชนะ มันจะกลายเป็นไวด์ที่เดิม	Setelah poker emas menang, itu akan berubah menjadi liar di tempat yang sama	Sau khi Golden Pocker thắng, nó sẽ chuyển thành Wild ở cùng một vị trí	Após a vitória com o Pôquer Dourado, ele se transformará em curinga no mesmo local.	골든포커가 승리하면 같은 장소에서 와일드로 전환됩니다.	ရွှေအိတ်ကပ်အနိုင်ရပြီးနောက်၊ ၎င်းသည်တူညီသောနေရာတွင်ရိုင်းအဖြစ်ပြောင်းလဲလိမ့်မည်။
L_92	Getting more combos will lead to a higher multiplier.	黄金扑克,翻转百搭连线赢大奖	コンボを重ねるほど 倍率が上がります。	Obtener más combos conducirá a un multiplicador más alto.	Kupata mchanganyiko zaidi itasababisha kuzidisha kwa juu.	Får flere kombinationer vil føre til en højere multiplikator.	การได้รับคอมโบมากขึ้น จะทำให้ได้ตัวคูณที่สูงขึ้น	Mendapatkan lebih banyak kombo akan menghasilkan pengali yang lebih tinggi.	Có được nhiều combo hơn sẽ dẫn đến hệ số nhân cao hơn.	Conseguir mais combos levará a um multiplicador maior.	콤보가 많을수록 배율이 높아집니다.	ပေါင်းစပ်မှုများ ပိုမိုရယူပါ။ ပိုမြင့်တဲ့ မြှောက်ကိန်းကို ဖြစ်ပေါ်စေလိမ့်မယ်။
L_93	Try DEMO MODE	嘗試演示模式	デモモードを試す	Pruebe el MODO DEMO	Jaribu MODE DEMO	Prøv DEMO MODE	ลองใช้โหมดสาธิต	Coba MODE DEMO	Hãy thử CHẾ ĐỘ DEMO	Experimente o MODO DEMO	데모 모드를 시도해 보세요	DEMO MODE ကိုစမ်းကြည့်ပါ။
L_94	Enter Demo Mode	進入演示模式	デモモードに入る	Entrar al modo de demostración	Ingiza Modi ya Onyesho	Gå ind i demotilstand	เข้าสู่โหมดสาธิต	Masuk ke Mode Demo	Vào chế độ Demo	Entrar no modo de demonstração	데모 모드로 들어가기	သရုပ်ပြမုဒ်သို့ ဝင်ပါ။
L_95	play	play	遊ぶ	jugar	kucheza	spil	เล่น	bermain	chơi	Jogar	놀다	ကစားပါ။
L_96	System	系統	システム	Sistema	Mfumo	System	ระบบ	Sistem	Hệ thống	Sistema	체계	စနစ်
L_97	There is no internet connection Please Reconnect.	沒有網路連線 請重新連接。	インターネットに接続できません。再接続してください。	No hay conexión a internet. Por favor, vuelva a conectarse.	Hakuna muunganisho wa intaneti Tafadhali Unganisha Upya.	Der er ingen internetforbindelse Forbind venligst igen.	ไม่มีการเชื่อมต่ออินเตอร์เน็ต กรุณาเชื่อมต่อใหม่อีกครั้ง	Tidak ada koneksi internet.Silakan sambungkan kembali.	Không có kết nối internet Vui lòng kết nối lại.	Não há conexão com a internet. Por favor, reconecte.	인터넷에 연결되어 있지 않습니다. 다시 연결해 주세요.	အင်တာနက်ချိတ်ဆက်မှု မရှိပါ။ ကျေးဇူးပြု၍ ပြန်လည်ချိတ်ဆက်ပါ။
L_98	Server Error	伺服器錯誤	サーバーエラー	Error del servidor	Hitilafu ya Seva	Serverfejl	ข้อผิดพลาดของเซิร์ฟเวอร์	Kesalahan Server	Lỗi máy chủ	Erro do servidor	서버 오류	ဆာဗာ အမှား
L_99	Load high quality next time	下次加載高品質	次回は高画質で読み込みます	La próxima vez cargue en alta calidad	Pakia ubora wa juu wakati ujao	Indlæs høj kvalitet næste gang	โหลดคุณภาพสูงในครั้งต่อไป	Muat kualitas tinggi lain kali	Tải chất lượng cao lần sau	Carregue alta qualidade na próxima vez	다음에는 고화질로 불러오세요	နောက်တစ်ကြိမ် အရည်အသွေးမြင့်တင်ပါ။
L_100	Turbo Spin Enabled	已启动加速模式 	ターボスピン対応	Giro turbo habilitado	Turbo Spin Imewezeshwa	Turbo Spin aktiveret	เปิดใช้งาน Turbo Spin แล้ว	Turbo Spin Diaktifkan	Turbo Spin được kích hoạt	Giro Turbo Habilitado	터보 스핀 활성화됨	Turbo လှည့်ခြင်းကို ဖွင့်ထားသည်။
L_101	Super Turbo Spin Enabled	已启动超加速模式 	スーパーターボスピン対応	Giro Super Turbo habilitado	Super Turbo Spin Imewezeshwa	Super Turbo Spin aktiveret	เปิดใช้งาน Super Turbo Spin	Diaktifkan Super Turbo Spin	Bật chế độ Super Turbo Spin	SUPER Turbo Spin Ativado	슈퍼 터보 스핀 활성화	Super Turbo လှည့်ခြင်းကို ဖွင့်ထားသည်။
L_102	Super Turbo Spin Disabled	已停止超加速模式 	スーパーターボスピン無効	Giro Super Turbo Desactivado	Super Turbo Spin Imezimwa	Super Turbo Spin deaktiveret	ปิดการทำงานของ Super Turbo Spin	Super Turbo Spin Dinonaktifkan	Vô hiệu hóa Super Turbo Spin	SUPER Turbo Spin Desativado	슈퍼 터보 스핀 비활성화	Super Turbo လှည့်ခြင်းကို ပိတ်ထားသည်။
L_103	Tap to Autoplay	单击进行自动玩	タップして自動再生	Toca para reproducción automática	Gusa ili Ucheze Kiotomatiki	Tryk for at spille automatisk	แตะเพื่อเล่นอัตโนมัติ	Ketuk untuk Putar Otomatis	Nhấn để Tự động phát	Toque para Autojogo	자동 재생을 탭하세요	အလိုအလျောက်ဖွင့်ရန် တို့ပါ။
L_104	Hold For Settings	长按可进行设定	設定するには長押し	Mantener pulsado para ajustes	Shikilia Kwa Mipangilio	Hold nede for indstillinger	กดค้างเพื่อตั้งค่า	Tahan Untuk Pengaturan	Giữ để cài đặt	Pressionar parada rápida 	설정을 위해 기다리세요	ဆက်တင်များအတွက် ဖိထားပါ။
L_105	Press Turbo Spin	点击开启快速停轮	ターボスピンを押す	Presione Turbo Spin	Bonyeza Turbo Spin	Tryk på Turbo Spin	กดเทอร์โบสปิน	Tekan Turbo Putar	Nhấn Turbo Spin	Pressinnar puurada rápido 	터보 스핀을 누르세요	Turbo Spin ကိုနှိပ်ပါ။
L_106	Super Turbo Spin \n Double tap the "Turbo Spin" button to activate Super Turbo Spin for even faster gameplay.	超加速模式 \n 点网下”Turbo Spin”按钮即可為用超級加速模式,让游戏更加迅速。 	スーパー ターボ スピン \n「ターボ スピン」ボタンをダブルタップすると、スーパー ターボ スピンが起動し、ゲームプレイがさらに高速になります。	Super Turbo Spin \n Toca dos veces el botón "Turbo Spin" para activar Super Turbo Spin y disfrutar de un juego aún más rápido.	Super Turbo Spin \n Gusa mara mbili kitufe cha "Turbo Spin" ili kuwezesha Super Turbo Spin kwa uchezaji wa haraka zaidi.	Super Turbo Spin \n Dobbelttryk på "Turbo Spin"-knappen for at aktivere Super Turbo Spin for endnu hurtigere gameplay.	Super Turbo Spin \n แตะปุ่ม "Turbo Spin" สองครั้งเพื่อเปิดใช้งาน Super Turbo Spin เพื่อให้เล่นเกมได้เร็วขึ้น	Super Turbo Spin \n Ketuk dua kali tombol "Turbo Spin" untuk mengaktifkan Super Turbo Spin agar permainan lebih cepat.	Super Turbo Spin \n Nhấn đúp vào nút "Turbo Spin" để kích hoạt Super Turbo Spin để chơi game nhanh hơn.	Super Turbo Spin\n Toque duas vezes no botão "Turbo Spin" para ativar o Super Turbo Spin e acelerar ainda mais o jogo.	슈퍼 터보 스핀 \n "터보 스핀" 버튼을 두 번 탭하면 슈퍼 터보 스핀이 활성화되어 더욱 빠른 게임 플레이가 가능합니다.	Super Turbo လှည့်ခြင်း \n ပိုမိုမြန်ဆန်သော ဂိမ်းကစားရန်အတွက် Super Turbo Spin ကိုဖွင့်ရန် "Turbo Spin" ခလုတ်ကို နှစ်ချက်တို့ပါ။
L_107	Payout Information	数值设定 	支払い情報	Información de pago	Taarifa za Malipo	Udbetalingsoplysninger	ข้อมูลการจ่ายเงิน	Informasi Pembayaran	Thông tin thanh toán	Configuração de valor	지급 정보	ငွေပေးချေမှုအချက်အလက်
L_108	1.A game round is immediately ended \n   when the maximum payout multiplier is \n   reached, and all winnings will be paid out.\n2.Maximum Payout: ‎10,000,000.\n3.Maximum Payout Multiplier: 10,000x.\n4.Minimum bet: ‎0.5.\n5.Maximum bet: ‎1,000.\n6.The game's Maximum Payout Multiplier \n   is guaranteed to be won in 100000000 \n   rounds of play	1. 游戏在达到直分上限时会立即結束。 并支付所有應分。 \n 2. 最大廳分:10,000,000 \n 3. 最大倍率:10,000x \n 4. 最小押注:0.5 \n 5.最大押注:1,000 \n 6. 该游戏的最大倍率,在100000000 轮游戏中必定获得。 	1. 最大配当倍率に達するとゲームラウンドは直ちに終了し、すべての賞金が支払われます。2. 最大配当: 10,000,000。3. 最大配当倍率: 10,000倍。4. 最小ベット: 0.5。5. 最大ベット: 1,000。6. ゲームの最大配当倍率は、100000000 ラウンドのプレイで確実に獲得できます。	1. Una ronda de juego finaliza inmediatamente cuando se alcanza el multiplicador de pago máximo y se pagarán todas las ganancias. 2. Pago máximo: 10 000 000. 3. Multiplicador de pago máximo: 10 000x. 4. Apuesta mínima: 0,5. 5. Apuesta máxima: 1000. 6. Se garantiza que el multiplicador de pago máximo del juego se ganará en 100 000 000 rondas de juego.	1.Duru ya mchezo inakamilika mara moja \n wakati kizidishaji cha juu zaidi cha malipo kinapofikiwa, na ushindi wote utalipwa.\n2.Upeo wa Malipo: ‎10,000,000.\n3.Kizidishio cha Juu cha Malipo: 10,000x.\n4.Dau ya chini zaidi: 0.000,000. ‎1,000.\n6.Kizidisha cha Juu cha Malipo cha mchezo \n kina uhakika wa kushinda katika raundi 100000000 \n za kucheza	1.En spilrunde afsluttes øjeblikkeligt \n når den maksimale udbetalingsmultiplikator er \n nået, og alle gevinster vil blive udbetalt.\n2.Maksimal udbetaling: ‎10.000.000.\n3.Maksimal udbetalingsmultiplikator: 10.000x.\n4.Minimumsindsats: ‎50.50xim. ‎1.000.\n6. Spillets maksimale udbetalingsmultiplikator \n er garanteret at blive vundet i 100000000 \n spillerunder	1. รอบเกมจะสิ้นสุดทันทีเมื่อตัวคูณการจ่ายเงินรางวัลสูงสุดถึง และเงินรางวัลทั้งหมดจะถูกจ่ายออกไป 2. การจ่ายเงินรางวัลสูงสุด: ‎10,000,000\n3. ตัวคูณการจ่ายเงินรางวัลสูงสุด: 10,000x\n4. การเดิมพันขั้นต่ำ: ‎0.5\n5. การเดิมพันสูงสุด: ‎1,000\n6. ตัวคูณการจ่ายเงินรางวัลสูงสุดของเกมจะรับประกันว่าจะชนะได้ในรอบการเล่น 1,000,000,000 \n	1. Putaran permainan segera berakhir \n ketika pengganda pembayaran maksimum \n tercapai, dan semua kemenangan akan dibayarkan.\n2. Pembayaran Maksimum: ‎10.000.000.\n3. Pengganda Pembayaran Maksimum: 10.000x.\n4. Taruhan minimum: ‎0,5.\n5. Taruhan maksimum: ‎1.000.\n6. Pengganda Pembayaran Maksimum permainan \n dijamin akan dimenangkan dalam 100000000 \n putaran permainan	1. Một vòng chơi sẽ kết thúc ngay lập tức \n khi hệ số thanh toán tối đa đạt đến \n và tất cả tiền thắng cược sẽ được thanh toán.\n2. Hệ số thanh toán tối đa: ‎10.000.000.\n3. Hệ số thanh toán tối đa: 10.000x.\n4. Cược tối thiểu: ‎0,5.\n5. Cược tối đa: ‎1.000.\n6. Hệ số thanh toán tối đa của trò chơi \n được đảm bảo sẽ thắng trong 100000000 \n vòng chơi	1.Uma rodada de jogo é encerrada \n imediatamente quando o limite de \nvitória é atingido, e todos os ganhos\n serão pagos.\n  2.Pagamento Máximo: ‎10.000.000\n 3.Probabilidades Máximas de Vitória: \n 10.000x\n 4.Aposta mínima: ‎0,5\n 5.Aposta máxima: ‎1.000\n 6.O multiplicador máximo de \npagamento do jogo está garantido \npara ser alcançado em 100000000 \n rodadas.\n	1. 최대 지급 배수에 도달하면 게임 라운드가 즉시 종료되고 모든 상금이 지급됩니다. 2. 최대 지급액: ‎10,000,000. 3. 최대 지급 배수: ‎10,000x. 4. 최소 베팅액: ‎0.5. 5. 최대 베팅액: ‎1,000. 6. 게임의 최대 지급 배수는 10000000 라운드 플레이에서 보장됩니다.	1.ဂိမ်းအဝိုင်းသည် ချက်ခြင်းပြီးဆုံးသွားသည် \n အများဆုံးပေးချေမှုမြှောက်ကိန်းကိုရောက်သောအခါ \n နှင့်အနိုင်ရရှိမှုအားလုံးကို ပေးချေပါမည်။\n2.အမြင့်ဆုံးပေးချေမှု- 10,000,000.\n3.အမြင့်ဆုံးပေးချေမှုမြှောက်ကိန်း- 10,000x.\n4.အနိမ့်ဆုံးလောင်းကြေး- 5.5.အမြင့်ဆုံး ‎1,000.\n6.ဂိမ်း၏ အမြင့်ဆုံးပေးချေမှု မြှောက်ကိန်း \n 100000000 \n ကစားသည့် အကြိမ်များတွင် အနိုင်ရရန် အာမခံပါသည်
L_109	Game Interruption Mechanism	游戏中断处理机制 	ゲーム中断メカニズム	Mecanismo de interrupción del juego	Mchezo Usumbufu Mechanism	Spilafbrydelsesmekanisme	กลไกการขัดจังหวะเกม	Mekanisme Interupsi Permainan	Cơ chế ngắt trò chơi	Mecanismo de Interrupção de Jogo	게임 중단 메커니즘	Game Interruption Mechanism
L_110	1.Malfunction voids all pays and plays. If \n   any malfunction occurs during the feature \n   game, the system will automatically \n   complete the game and ensure the player \n   receives their winnings. 2.Where an interruption occurs after the \n    operator receives notification of  \n    thecustomer´s gamble and where the \n    customer can have no further influence \n    on the outcome of the event or gamble \n    the  results of the gamble should stand.	1. 故障使所有支付和游戏无效,如果在特色游戏过程中出现任何故障際,系统将自动完成后续游戏并派奖玩家。\n  2. 如果在收到玩家押注的资料后发生中斷,且玩家无法进一步影响事件或押注的結果,則押注結果仍然有效。 	1. 故障が発生した場合、すべての支払いとプレイは無効となります。フィーチャーゲーム中に故障が発生した場合、システムは自動的にゲームを終了し、プレイヤーが賞金を受け取ることを保証します。 2. オペレーターがお客様のギャンブルの通知を受け取った後に中断が発生し、お客様がイベントまたはギャンブルの結果にそれ以上影響を与えることができない場合、ギャンブルの結果は有効となります。	1. Un mal funcionamiento anula todos los pagos y jugadas. Si ocurre algún mal funcionamiento durante el juego principal, el sistema completará el juego automáticamente y garantizará que el jugador reciba sus ganancias. 2. Si se produce una interrupción después de que el operador reciba la notificación de la apuesta del cliente y este ya no pueda influir en el resultado del evento o la apuesta, el resultado de la apuesta se mantendrá.	1.Kuharibika kunabatilisha malipo na michezo yote. Ikiwa \n hitilafu yoyote itatokea wakati wa kipengele \n mchezo, mfumo utakamilisha kiotomatiki mchezo na kuhakikisha kuwa mchezaji \n anapokea ushindi wake. 2.Ambapo usumbufu hutokea baada ya mendeshaji \n kupokea arifa ya \n kamari ya mteja na ambapo \n mteja hawezi kuwa na ushawishi zaidi \n kwenye matokeo ya tukio au kamari \n matokeo ya kamari yanapaswa kusimama.	1.Fejl annullerer alle betalinger og spil. Hvis \n der opstår en funktionsfejl under funktionen \n spillet, vil systemet automatisk \n fuldføre spillet og sikre, at spilleren \n modtager deres gevinster. 2.Hvor en afbrydelse opstår, efter \n operatøren har modtaget meddelelse om \n kundens gambling, og hvor \n kunden ikke kan have yderligere indflydelse \n på udfaldet af begivenheden eller satsningen \n bør resultaterne af satsningen stå.	1. การทำงานผิดปกติจะทำให้การจ่ายเงินและการเล่นทั้งหมดเป็นโมฆะ หากเกิดการทำงานผิดปกติระหว่างเกมพิเศษ ระบบจะเล่นเกมต่อโดยอัตโนมัติและรับรองว่าผู้เล่นจะได้รับเงินรางวัล 2. หากเกิดการขัดจังหวะหลังจากผู้ดำเนินการได้รับการแจ้งเตือนเกี่ยวกับการพนันของลูกค้า และหากลูกค้าไม่สามารถมีอิทธิพลต่อผลลัพธ์ของเหตุการณ์หรือการพนันได้อีกต่อไป ผลลัพธ์ของการพนันนั้นควรคงอยู่	1. Kerusakan membatalkan semua pembayaran dan permainan. Jika terjadi kerusakan selama permainan fitur, sistem akan secara otomatis menyelesaikan permainan dan memastikan pemain menerima kemenangannya. 2. Jika terjadi gangguan setelah operator menerima pemberitahuan tentang taruhan pelanggan dan pelanggan tidak dapat lagi memengaruhi hasil acara atau taruhan, hasil taruhan harus tetap berlaku.	1. Sự cố sẽ vô hiệu hóa tất cả các khoản thanh toán và lượt chơi. Nếu \n bất kỳ sự cố nào xảy ra trong trò chơi tính năng \n, hệ thống sẽ tự động \n hoàn thành trò chơi và đảm bảo người chơi \n nhận được tiền thắng cược của họ. 2. Trường hợp gián đoạn xảy ra sau khi \n người điều hành nhận được thông báo về \n lượt đánh bạc của khách hàng và \n khách hàng không thể tiếp tục ảnh hưởng \n đến kết quả của sự kiện hoặc lượt đánh bạc \n thì kết quả của lượt đánh bạc sẽ được giữ nguyên.	1.O mau funcionamento anula todos \n os pagamentos e jogadas. Se \n ocorrer alguma falha durante o jogo \nde recurso, o sistema concluirá \n automaticamente o jogo e garantirá \n que o jogador receba seus ganhos.\n 2. Quando ocorrer uma interrupção \n após o operador receber a \n notificação da aposta do cliente e \n quando o cliente deixar de conseguir \n  influenciar o resultado do evento ou \n da aposta, \n os resultados da aposta deverão ser mantidos.\n	1. 오작동 시 모든 지급 및 플레이가 무효화됩니다. 게임 중 오작동이 발생하면 시스템은 자동으로 게임을 종료하고 플레이어가 상금을 받도록 합니다. 2. 운영자가 고객의 베팅에 대한 알림을 받은 후 중단이 발생하고 고객이 이벤트 또는 베팅 결과에 더 이상 영향을 미칠 수 없는 경우, 베팅 결과는 그대로 유지됩니다.	1. ချွတ်ယွင်းချက်သည် ပေးချေမှုနှင့် ကစားမှုများအားလုံးကို ပျက်ပြယ်စေသည်။ \n လုပ်ဆောင်ချက် \n ဂိမ်းအတွင်း ချွတ်ယွင်းချက်တစ်စုံတစ်ရာ ဖြစ်ပေါ်ပါက၊ စနစ်သည် \n ဂိမ်းကို အလိုအလျောက် ပြီးမြောက်စေမည်ဖြစ်ပြီး ကစားသမား \n ၎င်းတို့၏ အနိုင်ရမှုများကို ရရှိကြောင်း သေချာစေပါသည်။ 2. \n အော်ပရေတာသည် \n ဖောက်သည်၏ လောင်းကစားနှင့် \n ဖောက်သည်၏ နောက်ထပ် သြဇာလွှမ်းမိုးမှု မရှိနိုင်တော့သည့် \n အဖြစ်အပျက် သို့မဟုတ် လောင်းကစား၏ ရလဒ် \n လောင်းကစား ရလဒ်များ \n ထွက်ပေါ်လာပြီးနောက် အနှောင့်အယှက်တစ်ခု ဖြစ်ပေါ်ပါသည်။
L_111	1.Payouts are shown as bet = 2.\n2.This game uses a dynamic paytable and the \n   symbol payouts displayed below reflect the \n   amount awarded for achieving the \n   combination at the currently selected bet level.	1.赔付去上是以总押注額2元为例, \n 2. 此游戏使用动态赔付表,下面显示的符号\n 赔率反映了在当前选定的投注等级上实现\n 组合所获得的金额 	1. 配当はベット = 2 として表示されます。\n2. このゲームは動的な配当表を使用しており、以下に表示されるシンボルの配当は、現在選択されているベット レベルで組み合わせを達成した場合に付与される金額を反映しています。	1. Los pagos se muestran como apuesta = 2.\n2. Este juego utiliza una tabla de pagos dinámica y los pagos del símbolo \n que se muestran a continuación reflejan la cantidad \n otorgada por lograr la combinación \n en el nivel de apuesta seleccionado actualmente.	1.Malipo yanaonyeshwa kama dau = 2.\n2.Mchezo huu unatumia jedwali thabiti la kulipia na malipo ya alama ya \n yaliyoonyeshwa hapa chini yanaonyesha \n kiasi kinachotolewa kwa kufanikisha mchanganyiko wa \n katika kiwango cha kamari kilichochaguliwa kwa sasa.	1.Udbetalinger vises som indsats = 2.\n2.Dette spil bruger en dynamisk udbetalingstabel, og \n symboludbetalingerne vist nedenfor afspejler det \n beløb, der er tildelt for at opnå \n kombinationen på det aktuelt valgte indsatsniveau.	1. การจ่ายเงินจะแสดงเป็นเดิมพัน = 2.\n2. เกมนี้ใช้ตารางการจ่ายเงินแบบไดนามิก และสัญลักษณ์ \n การจ่ายเงินที่แสดงด้านล่างนี้สะท้อนถึง \n จำนวนเงินที่ได้รับจากการบรรลุชุดค่าผสม \n ที่ระดับการเดิมพันที่เลือกในปัจจุบัน	1. Pembayaran ditampilkan sebagai taruhan = 2.\n2. Permainan ini menggunakan tabel pembayaran dinamis dan pembayaran simbol \n yang ditampilkan di bawah mencerminkan jumlah \n yang diberikan untuk mencapai kombinasi \n pada tingkat taruhan yang dipilih saat ini.	1. Tiền thưởng được hiển thị dưới dạng cược = 2.\n2. Trò chơi này sử dụng bảng trả thưởng động và biểu tượng \n tiền thưởng hiển thị bên dưới phản ánh số tiền được thưởng khi đạt được tổ hợp \n ở mức cược hiện tại.	1. Os pagamentos são mostrados como \n aposta = 2\n  2. Este jogo utiliza uma tabela de \n pagamentos dinâmica, e os pagamentos\n  dos símbolos apresentados abaixo \n refletem a quantia concedida por \n alcançar a combinação no nível de \n  aposta atualmente selecionado.\n 	1. 지불금은 베팅 = 2로 표시됩니다.\n2. 이 게임은 동적 지불표를 사용하며 아래에 표시된 \n 심볼 지불금은 현재 선택한 베팅 레벨에서 \n 조합을 달성했을 때 수여되는 \n 금액을 반영합니다.	1.ပေးချေမှုများကို လောင်းကြေးငွေ = 2.\n2.ဤဂိမ်းသည် သွက်လက်သော ငွေပေးချေမှုပုံစံကို အသုံးပြုပြီး အောက်တွင်ဖော်ပြထားသော \n သင်္ကေတငွေပေးချေမှုများသည် လက်ရှိရွေးချယ်ထားသော အလောင်းအစားအဆင့်တွင် \n ပေါင်းစပ်မှုကို ရရှိရန်အတွက် ချီးမြှင့်သည့် ပမာဏနှင့် ကိုက်ညီပါသည်။
L_112	SuperAce 	超级王牌	スーパーエース	SuperAce	SuperAce 	SuperAce 	ซุปเปอร์เอซ	SuperAce	Siêu Ác	SuperAce 	슈퍼에이스	SuperAce 
L_113	Fealtere Dano Playing	特色示进中	フェアルテレ・ダーノの演奏	Fealtere Dano jugando	Fealtere Dano Akicheza	Fealtere Dano spiller	ฟีอัลเตเร่ ดาโน่ กำลังเล่น	Fealtere Dano Bermain	Fealtere Dano đang chơi		Fealtere Dano 연주	Fealtere Dano ကစားခြင်း။
L_114	Getting more combo will lead to higher multiplier	消除乘倍:combo超多、倍率越高	コンボを重ねるほど倍率が上がる	Obtener más combos dará como resultado un multiplicador más alto.	Kupata mchanganyiko zaidi kutasababisha kizidishaji cha juu zaidi	At få mere combo vil føre til højere multiplikator	การได้รับคอมโบมากขึ้นจะนำไปสู่ตัวคูณที่สูงขึ้น	Mendapatkan lebih banyak kombo akan menghasilkan pengganda yang lebih tinggi	Nhận được nhiều combo hơn sẽ dẫn đến hệ số nhân cao hơn		콤보가 많을수록 승수도 높아집니다.	ပေါင်းစည်းမှု ပိုမိုရယူခြင်းသည် ပိုမိုမြင့်မားသော မြှောက်ခြင်းကို ဖြစ်စေသည်။
L_115	Continue	继续	続く	Continuar	Endelea	Fortsætte	ดำเนินการต่อ	Melanjutkan	Tiếp tục	Continuar	계속하다	ဆက်ရန်
L_116	WIN	高分 	勝つ	GANAR	SHINDA	VINDE	ชนะ	MENANG	THẮNG	Vitoria	이기다	အနိုင်ရ
L_117	Click the board for SPIN/STOP Press "Confirm" to spin. 	触击盘面可以SPIN/STOP 按下「确定」将执行SPIN。 	スピン/ストップのボードをクリックし、「確認」を押してスピンします。	Haga clic en el tablero para GIRAR/DETENER. Presione "Confirmar" para girar.	Bofya ubao kwa SPIN/SIMAMA Bonyeza "Thibitisha" ili kusogeza. 	Klik på brættet for SPIN/STOP Tryk på "Bekræft" for at dreje. 	คลิกที่กระดานเพื่อหมุน/หยุด กด "ยืนยัน" เพื่อหมุน	Klik papan untuk SPIN/STOP Tekan "Konfirmasi" untuk memutar.	Nhấp vào bảng để QUAY/DỪNG Nhấn "Xác nhận" để quay.		SPIN/STOP을 위해 보드를 클릭하세요. 회전하려면 "확인"을 누르세요.	လှည့်ရန် SPIN/STOP အတွက် ဘုတ်ကို နှိပ်ပြီး "Confirm" ကိုနှိပ်ပါ။ 
L_118	auto spin enabled	已启动自动模式 	自動スピンが有効	giro automático habilitado	kusokota kiotomatiki kumewashwa	automatisk spin aktiveret	เปิดใช้งานการหมุนอัตโนมัติ	putaran otomatis diaktifkan	tự động quay được kích hoạt	Giros automatico inciado	자동 회전 활성화됨	အလိုအလျောက်လှည့်ခြင်းကို ဖွင့်ထားသည်။
L_119	auto spin disabled	已停止自动模式 	自動スピン無効	giro automático deshabilitado	kusokota kiotomatiki kumezimwa	automatisk spin deaktiveret	ปิดการหมุนอัตโนมัติ	Putaran otomatis dinonaktifkan	tự động quay bị vô hiệu hóa	Giros automatico iterrompido	자동 회전 비활성화됨	အလိုအလျောက်လှည့်ဖျားခြင်းကို ပိတ်ထားသည်။
L_120	 Stop if balance>	大于目标金额停止 	残高があれば停止>	Detenerse si el equilibrio>	 Acha ikiwa usawa>	 Stop hvis balance>	หยุดถ้าสมดุล>	Berhenti jika keseimbangan>	Dừng lại nếu cân bằng>	Pare se o saldo >	균형이 맞으면 멈추세요>	 လက်ကျန်ရှိလျှင် > ရပ်ပါ။
L_121	Get golden card and have a chance to win.<sprite name=Hint_1_1_BigJoker><sprite name=Hint_1_1_SmallJoker>	一一庆过黄金扑克叫一有机会获取 <sprite name=Hint_1_1_BigJoker><sprite name=Hint_1_1_SmallJoker>	ゴールデンカードを入手して勝利のチャンスを手に入れましょう。<sprite name=Hint_1_1_BigJoker><sprite name=Hint_1_1_SmallJoker>	Obtén la tarjeta dorada y ten la oportunidad de ganar.<sprite name=Hint_1_1_BigJoker><sprite name=Hint_1_1_SmallJoker>	Pata kadi ya dhahabu na uwe na nafasi ya kushinda.<sprite name=Hint_1_1_BigJoker><sprite name=Hint_1_1_SmallJoker>	Få det gyldne kort og få en chance for at vinde.<sprite name=Hint_1_1_BigJoker><sprite name=Hint_1_1_SmallJoker>	รับการ์ดสีทองและมีสิทธิ์ลุ้นรางวัล<sprite name=Hint_1_1_BigJoker><sprite name=Hint_1_1_SmallJoker>	Dapatkan kartu emas dan berkesempatan menang.<sprite name=Hint_1_1_BigJoker><sprite name=Hint_1_1_SmallJoker>	Nhận thẻ vàng và có cơ hội chiến thắng.<sprite name=Hint_1_1_BigJoker><sprite name=Hint_1_1_SmallJoker>	Obtenha uma carta Dourada tenha uma chance de ganhar <sprite name=Hint_1_1_BigJoker><sprite name=Hint_1_1_SmallJoker>	골든 카드를 받고 당첨 기회를 잡으세요.<sprite name=Hint_1_1_BigJoker><sprite name=Hint_1_1_SmallJoker>	ရွှေရောင်ကတ်ကိုရယူပြီး အနိုင်ယူရန်အခွင့်အရေးရှိသည်။<sprite name=Hint_1_1_BigJoker><sprite name=Hint_1_1_SmallJoker>
L_122	 Up to 10x puzzle multiplier reward in free game.	一免费游戏中,最多可因而活消除肥一一 	無料ゲームでは最大 10 倍のパズル乗数報酬を獲得できます。	Recompensa multiplicadora de rompecabezas de hasta 10x en el juego gratuito.	 Hadi zawadi ya kuzidisha mafumbo mara 10 katika mchezo usiolipishwa.	 Op til 10x puslespil multiplikator belønning i gratis spil.	รางวัลตัวคูณปริศนาสูงสุดถึง 10 เท่าในเกมฟรี	Pengganda hadiah teka-teki hingga 10x dalam permainan gratis.	Phần thưởng nhân lên đến 10 lần trong trò chơi miễn phí.	Até moltiplicador de quebra multiplicador ica e tenha uma chance de pant 	무료 게임에서는 최대 10배의 퍼즐 배수 보상을 받을 수 있습니다.	 အခမဲ့ဂိမ်းတွင် 10x ပဟေဠိအမြှောက်ဆုအထိ။
L_123	Collect 3 <sprite name=Hint_3_1_Scatter><sprite name=Hint_3_1_Scatter>to receive 10x rounds of free game.	一免费游戏中,最多可因而活消除肥一一 <sprite name=Hint_3_1_Scatter>	3 つの <sprite name=Hint_3_1_Scatter><sprite name=Hint_3_1_Scatter> を集めると、無料ゲームを 10 ラウンド受け取れます。	Reúne 3 <sprite name=Hint_3_1_Scatter><sprite name=Hint_3_1_Scatter>para recibir 10 rondas de juego gratis.	Kusanya <sprite name=Hint_3_1_Scatter><sprite name=Hint_3_1_Scatter>3 ili kupokea raundi 10 za mchezo usiolipishwa.	Saml 3 <sprite name=Hint_3_1_Scatter><sprite name=Hint_3_1_Scatter>for at modtage 10x runder af gratis spil.	รวบรวม 3 <sprite name=Hint_3_1_Scatter><sprite name=Hint_3_1_Scatter> เพื่อรับรอบเกมฟรี 10 รอบ	Kumpulkan 3 <sprite name=Hint_3_1_Scatter><sprite name=Hint_3_1_Scatter>untuk menerima 10x putaran permainan gratis.	Thu thập 3 <sprite name=Hint_3_1_Scatter><sprite name=Hint_3_1_Scatter>để nhận được 10 vòng chơi miễn phí.	Golete3  <sprite name=Hint_3_1_Scatter>para receber 10 rodadas de Logos Grátis 	<sprite name=Hint_3_1_Scatter><sprite name=Hint_3_1_Scatter>를 3개 모으면 무료 게임 라운드 10개를 받을 수 있습니다.	အခမဲ့ဂိမ်း 10 ကြိမ်ရယူရန် <sprite name=Hint_3_1_Scatter><sprite name=Hint_3_1_Scatter>3 ခု စုဆောင်းပါ။
L_124	Transaction	注单、	取引	Transacción	Shughuli	Transaktion	ธุรกรรม	Transaksi	Giao dịch	Transação	거래	ငွေလွှဲခြင်း။
												
												
												
												
												
												
												
												
												
												
												
												
												
												
												
												
												
												
												
												
												
												
												
												
												
												
												
												
												
												
												
												
												
												
												
												
												
												
												
												
												
												
												
												
												
												
												
												
												
												
												
												
												
												
												
												
												
												
												
												
												
												
												
												
												
												
												
												
												
												
												
												
												
												
												
												
												
												
												
												
												
												
												
												
												
												
												
												
												
												
												
												
												
												
												
												
												
												
												
												
												
												
												
												
												
												
												
												
												
												
												
												
												
												
												
												
												
												
												
												
												
												
												
												
												
												
												
												
												
												
												
												
												
												
												
												
												
												
												
												
												
	STOP EDITING											